Ticker,Current_Price,High_52W,Pct_From_High,Avg_Volume,Return_1W,Return_1M,Return_3M,Return_6M,RS_Composite,EMA_10,EMA_20,SMA_50,SMA_100,SMA_200,RS_Percentile,Sector,Industry
INDOTECH.NS,3666.300048828125,4030.0,-9.024812684165628,37883.3453815261,-0.9991088896971312,-3.330170478721861,42.66314596473029,177.53974631552802,0.8304889733091622,3676.074822101034,3660.973704768935,3511.72599609375,3059.0829956054686,2260.841996459961,97,Producer Manufacturing,Electrical Products
BHAGYANGR.NS,402.3999938964844,432.29998779296875,-6.916491959468585,230733.192,4.600982876997595,2.3397714658790703,27.664967738699843,158.5785930615552,0.7265898012710761,384.03088365688865,384.0437110687644,386.5090002441406,347.3159002685547,251.872850151062,95,Producer Manufacturing,Electrical Products
UNIHEALTH.NS,724.0,820.0,-11.707317073170731,37811.740890688256,0.8426753520583752,-6.881028938906752,57.15215559287763,127.49410840534172,0.6685135178742447,721.7639582716439,724.2535870258823,720.5580004882812,599.2120001220703,461.7427505493164,95,Health Services,Medical/Nursing Services
CPPLUS.NS,3881.39990234375,4094.0,-5.192967700445772,265221.4880952381,4.299457306354837,1.994479105078173,15.025983960682442,145.3194692202509,0.6346442442795621,3723.503403586943,3652.8926664736327,3582.999306640625,3254.222626953125,2428.80436340332,94,Consumer Durables,Electronics/Appliances
AEGISLOG.NS,1338.0,1497.800048828125,-10.668984084568045,1364317.232,9.735089511884954,0.32241500978886783,45.27804753782454,108.11162681192785,0.5786605693926478,1288.5305207008837,1295.9926687753396,1311.5662890625,1060.0733990478516,874.541517944336,93,Distribution Services,Wholesale Distributors
RPTECH.NS,797.8499755859375,965.4798808795799,-17.36234059490983,490582.7619047619,-1.0234462535497868,-9.925136835234882,43.210000705534156,128.84092941603518,0.6241199998567236,819.1161848493256,822.9053651563391,811.5625146484375,692.6620700073242,527.177176361084,93,Distribution Services,Electronics Distributors
EXICOM.NS,173.6199951171875,187.60000610351562,-7.452031200155773,2109341.653386454,6.528408190312995,13.314184658633144,27.878021399166975,101.90719784904125,0.5244196331012452,169.29205891840067,164.95465489360546,162.6351983642578,150.89839935302734,126.5908995437622,91,Producer Manufacturing,Electrical Products
VENUSREM.NS,1694.0,2031.2182849222206,-16.601774778486366,65872.4297188755,5.815477179470507,11.257062075552904,-0.5941323148180633,125.50228081966507,0.5285563276647824,1663.1982535231916,1663.1397703934047,1670.7084326171876,1493.8909973144532,1140.3547967529296,91,Health Technology,Pharmaceuticals: Major
DEEDEV.NS,678.0499877929688,760.0,-10.782896343030423,1416510.564,9.39819315057122,8.280098143593628,8.409940772137414,119.36265752317526,0.5286388418468718,650.0095559800565,645.912512367622,659.307998046875,611.1765014648438,428.20810050964354,91,Producer Manufacturing,Industrial Machinery
DPEL.NS,600.75,603.0,-0.3731343283582045,53925.70281124498,4.080039378883771,8.067993095199256,22.60204081632653,107.08375986232693,0.5163571874675696,579.8019532194495,573.8226427167099,562.4810015869141,526.8774993896484,420.17549949645996,90,Producer Manufacturing,Electrical Products
SENORES.NS,1486.300048828125,1599.0,-7.048152043269229,308932.2111553785,2.172275982465921,4.507108694767736,28.05204715719296,95.64302026404113,0.47791471589974477,1467.8828376746312,1461.5035721210288,1424.0740063476562,1254.1700012207032,1025.607000732422,89,Health Technology,Pharmaceuticals: Major
PARACABLES.NS,68.80999755859375,75.69999694824219,-9.101716865800258,1770832.353174603,7.24749630778232,1.3551306189665269,7.314402075975779,110.87954430327062,0.4754191409867252,65.68926314217472,64.9233547588166,65.17660011291504,62.08679992675781,48.95284999847412,89,Producer Manufacturing,Electrical Products
ORCHPHARMA.NS,1000.9000244140625,1133.0,-11.659309407408426,117852.124,3.0899164945541013,-0.094819703051785,17.621483054935226,100.60126263685815,0.4581697768006889,970.1986570057195,981.1623530765247,999.81,887.4519958496094,785.0212484741211,88,Health Technology,Pharmaceuticals: Major
HIRECT.NS,1306.9000244140625,1397.5377365248423,-6.485528779792538,138989.988,6.9563792701256455,-0.2518643627532513,24.206533586476887,84.4448766752485,0.41685175800504376,1248.4971973787738,1249.7342748003405,1231.1925561523437,1128.7009075927735,921.6158908081055,86,Producer Manufacturing,Electrical Products
APOLLO.NS,418.6000061035156,466.5,-10.267951531936625,9790911.174603175,9.395011833387489,7.692305880494521,2.247194026426258,96.84002581351388,0.4188813089277108,398.68836444711,394.3324695759173,395.97399963378905,382.3142993164063,310.1344497680664,86,Electronic Technology,Electronic Production Equipment
IKIO.NS,220.75,248.8800048828125,-11.302637548588034,664815.6613545817,6.370163975552412,11.653428002497158,46.551147078392276,63.627599145933104,0.42384085779945596,210.361013871809,206.2808653768114,202.97599975585936,180.18339950561523,167.39864974975586,86,Producer Manufacturing,Electrical Products
STOVEKRAFT.NS,833.4000244140625,873.3447454599583,-4.573763253691798,223095.93975903615,-1.449827445143026,4.932366690523038,28.347235460104937,79.20515922565417,0.4102772492188345,823.2529035987255,808.2198548576567,785.5257495117188,695.7318408203125,616.0698913574219,85,Consumer Durables,Electronics/Appliances
OFSS.NS,11654.0,12540.0,-7.065390749601274,232682.88095238095,-4.145418654383947,-2.0342972427706774,24.94237469847227,76.49989166292602,0.3726126776071956,11911.666440916493,11857.47185139924,11591.46,10638.8175390625,8917.2865234375,84,Technology Services,Packaged Software
PANAMAPET.NS,484.54998779296875,595.8726432274872,-18.6822900329087,347396.3027888446,-1.0617686997511533,-10.617610123223443,29.246114920264187,76.94828305022583,0.37323448801549786,483.7880284192081,481.5259472412713,465.1085986328125,402.6498114013672,341.7407221984863,84,Process Industries,Industrial Specialties
NELCO.NS,988.0,1120.0,-11.785714285714288,260951.59760956175,6.885922658646182,-1.9452139798375567,40.06237110931177,64.8942718887592,0.3827596955819432,950.7230040838051,950.2558806483157,942.6289990234375,836.2978912353516,754.8419792175293,84,Electronic Technology,Electronic Production Equipment
GOCLCORP.NS,434.0,459.8999938964844,-5.6316578039168235,181375.408,12.043369862247433,1.3545043502157794,13.627434514848424,78.56407922265245,0.36989099899783406,415.1464975715711,409.8969359249682,405.27300048828124,384.67450134277345,329.7740007019043,83,Process Industries,Industrial Specialties
ASTRAMICRO.NS,1766.0,1960.0,-9.897959183673466,557793.7142857143,7.564864628949541,3.656750050692459,22.316106127949766,71.5812484819043,0.368151677041801,1716.3601324289702,1714.1233613682246,1747.30599609375,1543.6039916992188,1248.0279968261718,83,Electronic Technology,Telecommunications Equipment
SANGHVIMOV.NS,445.0,525.873954285097,-15.37896175045248,444037.19920318725,-2.849031359185872,-12.632169086797019,20.33372155117359,84.13314881832481,0.3694203903940402,451.5052988399266,458.1632797871828,456.6192022705078,407.49796600341796,351.0466268920898,83,Finance,Finance/Rental/Leasing
ORIENTHOT.NS,140.57000732421875,148.78278132938067,-5.5199761234333895,807204.203187251,1.384791570324806,11.457345593840241,36.70889269295519,55.541939561080596,0.35659391908119326,139.31517511485987,137.30288531989427,134.3934895324707,120.62459503173828,111.28383777618409,82,Consumer Services,Hotels/Resorts/Cruise lines
UNICHEMLAB.NS,540.9500122070312,687.2000122070312,-21.282013591690617,257621.65338645419,-2.7680352394528818,6.664698554141335,16.93687960868364,66.75401429867097,0.32838805788956454,548.8709372968843,542.548529046315,539.6939971923828,466.39399810791014,425.8897492980957,81,Health Technology,Pharmaceuticals: Major
GRWRHITECH.NS,6930.5,7990.0,-13.260325406758444,81559.94,-2.9001751313485147,-0.6094937616520912,11.638208762886592,76.3755324538538,0.33629759344942234,7103.130667147806,7107.643853234687,7047.75,6284.4769995117185,4959.6080004882815,81,Process Industries,Chemicals: Specialty
CAPLIPOINT.NS,2731.800048828125,2877.300048828125,-5.056824020117734,117666.84738955823,8.516729752979014,6.126410985938846,18.290472172259655,64.41682805479066,0.3333082804607983,2677.9074200484156,2623.6267032914125,2582.0840087890624,2320.129040527344,2047.8738708496094,81,Health Technology,Pharmaceuticals: Major
TALBROAUTO.NS,419.0,451.6000061035156,-7.2187789333295616,209500.1952191235,1.9961081915035983,-0.7226603201478832,17.416279342434926,69.63562753036436,0.33134213569997006,415.14554985507175,414.1566877486283,411.7669995117187,377.96299896240237,321.504098815918,81,Producer Manufacturing,Industrial Machinery
TINNARUBR.NS,1075.3499755859375,1317.7581839116879,-18.395500121742813,65935.104,5.745095303044634,-3.7463065990948174,24.194030337867602,66.81791360650573,0.3381062275444807,1030.176749299845,1035.458987406986,1040.7301623535157,926.2032000732422,819.6914984130859,81,Process Industries,Industrial Specialties
BHEL.NS,427.79998779296875,446.5,-4.188132633153696,12767773.36904762,0.07017258315058506,6.153843124806135,13.314844894185374,67.81230840670453,0.32357162714213705,426.1464243664526,423.4829911111621,413.17893981933594,402.49352172851565,336.5497504425049,80,Producer Manufacturing,Electrical Products
AEGISVOPAK.NS,292.5,311.489990234375,-6.096500956607409,1137283.3373015872,2.1655649568223634,4.259494823378751,34.36422202681708,51.4526131060495,0.3195876731082291,282.8366902401452,279.49409745956655,280.3669009399414,244.44821365356447,232.04333549499512,80,Transportation,Air Freight/Couriers
KIRLOSENG.NS,2249.0,2714.2611782271474,-17.141356254118424,614042.392,5.177007372400477,5.527404820150772,25.35485543864009,56.81568908633481,0.3195591396739615,2187.986409351587,2164.7960858936895,2205.1068139648437,2033.8284301757812,1661.3118890380858,80,Producer Manufacturing,Electrical Products
GABRIEL.NS,1368.5,1596.6964052725275,-14.291784243954531,455922.76,-4.826484681530118,-8.565716613188135,35.159817571803956,56.786311585108876,0.31066678114794094,1381.0400292011593,1395.2668540607704,1383.8068408203126,1237.2889965820314,1095.6420703125,79,Producer Manufacturing,Auto Parts: OEM
SGFIN.NS,670.5,727.4500122070312,-7.828718296979476,329135.18253968254,-0.6077639689174852,1.5601314151049817,9.603596240294232,70.17766497461928,0.31203394748065233,677.9285611831759,678.330167111864,672.175,625.4225,515.4130001831055,79,Finance,Investment Banks/Brokers
TATVA.NS,1687.0,1838.0999755859375,-8.22044380571687,124158.26294820716,5.109034267912782,-4.989861275296537,46.30127792195693,45.89638750856435,0.31761869551744787,1650.3735148456362,1646.0284126055017,1588.3319995117188,1409.8519982910157,1337.6254974365233,79,Process Industries,Chemicals: Specialty
STYL.NS,378.0,434.70430029318214,-13.044338474438478,269983.83050847455,-2.275074475358796,-7.941059346012569,46.05012841861047,47.24300598027782,0.30896521600955873,386.0017822175561,386.8063889604221,376.94769287109375,322.165407409668,291.1272510528564,79,Technology Services,Packaged Software
GNA.NS,553.5999755859375,601.6500244140625,-7.986378605223221,239530.084,2.547003912536283,5.00758019112848,56.07221438626564,29.546462934779804,0.29896465919270937,544.9143091091429,543.2110876494806,526.1200006103516,460.7490411376953,414.212587890625,78,Producer Manufacturing,Auto Parts: OEM
SHRIPISTON.NS,4412.5,4785.7998046875,-7.800155040373147,96960.868,-4.038540894800679,0.04307582418907607,26.179520835336124,57.16105582149642,0.30323039654557155,4518.3511109661185,4506.827301503163,4391.366884765625,3963.608039550781,3492.2107385253908,78,Producer Manufacturing,Auto Parts: OEM
HESTERBIO.NS,2310.0,2683.60009765625,-13.921600986023863,13547.578313253012,2.262167420664829,-4.462546288171776,19.638390052792953,59.759507046177454,0.2912902731874099,2302.8593186235157,2334.217851526097,2361.831689453125,2112.0329296875,1813.8945697021484,77,Health Technology,Pharmaceuticals: Major
HONASA.NS,470.20001220703125,506.64561650495574,-7.193510238841272,1530031.188,-0.6969351199511586,-0.83263821307753,13.28324734377404,63.68361364646815,0.29222198507108854,473.1702638095518,472.51327942698305,466.33256469726564,424.3305892944336,356.150837097168,77,Retail Trade,Specialty Stores
VMART.NS,818.0499877929688,886.8128854091074,-7.753935328129192,631031.0200803212,-3.469234053993986,2.339402361690679,18.570618221167944,58.45731088649772,0.2907506688788821,832.6724609177854,824.5364018843129,793.987919921875,736.1519409179688,686.4040885925293,77,Retail Trade,Specialty Stores
EMSLIMITED.NS,391.70001220703125,589.0,-33.49745123819503,561199.972,4.523018600942286,-3.1404505146219175,29.766441705057556,51.96896690864452,0.29541731032144924,384.1730844313948,386.05871627301894,401.70599853515625,372.37249938964845,365.0272494506836,77,Industrial Services,Engineering & Construction
JNKINDIA.NS,437.29998779296875,558.0,-21.630826560399864,538160.6812749004,3.8964110559045917,4.417383127801178,-13.242734176479454,81.20415384536592,0.2978195901635323,438.4590198363397,441.02373291821846,457.1630004882812,433.81339935302736,337.2573998260498,77,Producer Manufacturing,Building Products
LXCHEM.NS,182.0,240.59049253763015,-24.35278797580339,1128660.346613546,10.369925249512214,2.264425887315258,23.365671840158917,48.97024261342187,0.28087676299830694,175.19748982619265,174.42044793089534,173.24101654052734,163.18139389038086,154.48652072906495,76,Process Industries,Chemicals: Specialty
RADICO.NS,4428.60009765625,4747.0,-6.707392086449337,403761.85657370515,-1.0634041280391582,-2.5610539569581925,25.31908980138915,53.36647845688156,0.28323767118973814,4501.922871667694,4510.566100728923,4366.848056640625,3947.3742602539064,3436.9345556640624,76,Consumer Non-Durables,Beverages: Alcoholic
ARMANFIN.NS,2050.89990234375,2158.60009765625,-4.989353768186988,41649.57429718875,3.5441991670844164,0.9301133043184029,27.9014594539289,48.272120788190165,0.2821972872902686,2000.5156395070856,1983.0254983362968,1929.6900048828124,1791.5510021972657,1665.5030017089844,76,Finance,Finance/Rental/Leasing
SPAL.NS,1024.9000244140625,1218.4508944923061,-15.884995526134094,118098.55823293173,-2.1374666321341884,-0.8488097992207511,28.72456147155995,49.923600574482265,0.28203300048203317,1022.6414888396412,1006.7290888642176,1027.3465051269532,930.778032836914,821.7622128295899,76,Consumer Non-Durables,Apparel/Footwear
GRANULES.NS,892.0,908.1083439738012,-1.7738350363914246,1065591.1633466135,7.243763149984961,3.600464576074325,16.623145370757463,52.483468860023265,0.2742480038544991,862.3622572005469,854.8582983927513,855.1525231933593,803.6418780517578,695.9706936645508,75,Health Technology,Pharmaceuticals: Other
NUVAMA.NS,1798.9000244140625,2066.0,-12.928362806676553,544760.38,2.5832601196854377,9.508740359476908,18.17764302443765,50.28994622270355,0.27729345480276646,1794.673240904776,1779.206945046835,1805.5099926757812,1665.8590576171875,1498.052626953125,75,Finance,Investment Managers
INDNIPPON.NS,1138.0,1278.199951171875,-10.968546121703204,50980.63453815261,8.319058294791803,-2.401372212692965,29.908675799086758,43.777637397346815,0.2683528908560534,1103.6459997825414,1105.5737973012538,1124.3479956054687,984.8809967041016,882.3947747802735,75,Producer Manufacturing,Auto Parts: OEM
EMMVEE.NS,337.45001220703125,371.54998779296875,-9.177762537012468,3782523.0975609757,3.9267014230570663,5.983046066495934,-1.7755714750930185,63.516993841769384,0.26463405449784744,328.0382394480659,326.46439048913453,328.7510021972656,314.39110107421874,262.0563505554199,74,Electronic Technology,Semiconductors
PNBHOUSING.NS,1159.199951171875,1211.5,-4.31696647363805,1197931.107569721,0.6249957614474777,0.8613853583182562,22.470531527130923,47.63635543888438,0.2603047828150143,1159.4570207633055,1152.5334200257173,1115.78072265625,1070.7832006835938,968.12302734375,74,Finance,Finance/Rental/Leasing
LODHA.NS,1204.5,1340.2415520455131,-10.128140844338152,2079026.736,0.4922429946803808,-1.1651720473296656,40.22407682601552,35.988251326356455,0.26278713468349346,1224.04318867933,1224.4127851190203,1193.7972045898437,1046.399453125,1016.0221362304687,74,Finance,Real Estate Development
NPST.NS,1677.0,2197.7059983294785,-23.693159991612976,36888.342741935485,0.38309736068431466,11.398961923939677,1.593266469139576,58.83689358239468,0.26330839494556113,1671.2896630038276,1640.1415013279009,1597.4799951171874,1453.471498413086,1372.1717504882813,74,Technology Services,Packaged Software
SAREGAMA.NS,501.70001220703125,574.5,-12.671886473971927,1330590.1004016064,4.54261691765081,-3.3705700286119966,14.530310737993846,55.27700486836118,0.26250042854785305,495.67957327288866,500.9259610397324,503.82599975585936,456.9419989013672,401.8397485351563,74,Consumer Services,Movies/Entertainment
PWL.NS,124.12999725341797,161.99000549316406,-23.371817368907845,17088288.710784312,7.99547121699129,-2.658406115816625,17.15903806401895,48.99772043098982,0.2501466549013742,122.69673114294504,122.76397862648949,128.30379913330077,119.6819994354248,116.17774955749512,73,Commercial Services,Miscellaneous Commercial Services
BLUEJET.NS,580.7000122070312,743.0927273812581,-21.853627305237787,689260.2896825396,0.060314747276479785,-1.6929066858551445,13.307319455030498,54.97731339442278,0.25650571331834876,579.9373723639034,582.7742045766976,586.8290014648437,530.275,488.8937498474121,73,Health Technology,Pharmaceuticals: Major
JSFB.NS,535.4000244140625,606.9500122070312,-11.788448200667133,570225.657370518,1.0570095791097023,-0.8059241474640988,15.6871301936099,50.6047888647152,0.248925707323872,539.8957269158867,544.3632234583462,532.3119970703125,500.53299896240236,447.78074966430665,73,Finance,Regional Banks
NEOGEN.NS,2250.5,2483.89990234375,-9.39650998510525,156124.08366533864,4.484892615071634,3.151394080810377,10.98677906076393,51.19452153161647,0.2485261040854501,2188.203398735865,2175.040774080935,2123.70775390625,1963.1838623046874,1605.0913143920898,73,Process Industries,Chemicals: Specialty
ANANDRATHI.NS,2205.5,2242.0,-1.6280107047279224,518378.104,0.05898053066528686,4.948846062336432,26.935251798561154,40.26192848413652,0.2518101419875677,2197.4374385570695,2176.1734285535267,2113.333994140625,1956.9833239746094,1744.2656134033202,73,Finance,Investment Managers
NYKAA.NS,340.6499938964844,349.54998779296875,-2.546129082331894,6216987.676,-2.546129082331894,2.6054198483386637,29.820884839985663,36.42370767312997,0.2378221958268223,336.6403975809266,334.45174651589997,328.5359997558594,301.03139923095705,278.28879959106445,72,Retail Trade,Internet Retail
ZYDUSWELL.NS,558.7000122070312,611.8499755859375,-8.686763994393765,1025403.623015873,4.508050452991386,10.3932040049723,10.635597980631694,45.671644213756664,0.23988782925985774,541.49789527878,535.2208158512777,548.2789404296875,527.8945434570312,479.1264097595215,72,Consumer Non-Durables,Food: Major Diversified
DATAPATTNS.NS,4875.10009765625,5000.0,-2.497998046875005,870035.5657370518,7.97085149662653,10.054854340144082,16.1885199161933,41.952672182148376,0.2444568086540881,4692.612862715025,4635.877886516758,4493.2285986328125,4349.813698730469,3615.627821044922,72,Electronic Technology,Electronic Production Equipment
MONARCH.NS,379.0,405.91149198853304,-6.629891619154571,149181.8795180723,-0.42039045660983154,-2.733990008890874,13.187265280647932,52.048693988381615,0.24186820132107864,378.9037779518475,379.41751645645314,372.2534295654297,347.01847198486325,317.8524329376221,72,Finance,Investment Banks/Brokers
ADANIENT.NS,3046.10009765625,3245.0,-6.129426882704159,1803271.406374502,6.361961015585482,1.19933879256644,4.766985302020643,52.640218976990425,0.233622470414742,2978.044136516439,2995.6183476488736,3056.8240087890626,2907.91248046875,2520.488875732422,71,Distribution Services,Wholesale Distributors
COHANCE.NS,443.8500061035156,1027.0,-56.78188840277355,1882052.304,-2.6538010263330025,-0.42624652753435743,3.1010467139409137,57.087250143056224,0.23414584663264593,453.99078464312146,451.7894377709752,444.6870001220703,440.5559991455078,424.28475021362306,71,Health Technology,Pharmaceuticals: Major
STEELCAS.NS,330.1499938964844,364.0,-9.299452226240557,134121.08835341365,-5.617494163011338,-0.43727749708744046,16.23955565240076,46.01053608658581,0.22626876214635933,334.819172978596,336.06750681039125,324.25481567382815,306.21149353027346,263.93862564086913,71,Non-Energy Minerals,Steel
RANEHOLDIN.NS,1677.0,1846.1341245121132,-9.161529612958708,23713.35714285714,4.4729660486039435,-5.584954053535829,18.6851590420132,44.4221985735006,0.2270473293615743,1644.1535971647033,1643.6825168150963,1683.0906469726563,1520.0544287109376,1370.882735900879,71,Producer Manufacturing,Auto Parts: OEM
GREENPLY.NS,295.8500061035156,333.81821311913393,-11.37391715714089,440429.4860557769,3.3717657179915816,4.651571746963401,1.3215767407176005,53.94816388825943,0.2324322949871089,293.43331058875464,291.82349160910206,297.8542657470703,284.28214172363283,259.13966926574705,71,Producer Manufacturing,Building Products
JAGSNPHARM.NS,236.6999969482422,260.14646303072993,-9.012794488663921,217194.896,-0.07425325778358527,4.087692723194891,17.665462910210252,43.02082972224823,0.2331808398082299,236.264422947364,233.74956229500802,229.01114440917968,217.33728637695313,200.05430625915528,71,Health Technology,Pharmaceuticals: Generic
THYROCARE.NS,572.4500122070312,662.0,-13.527188488363862,791667.072,-5.3019003793165815,-5.10567555623187,8.8402855069603,54.57843437069092,0.22932134251186428,583.3789884869145,586.6045122773598,574.3799993896484,527.0953155517578,470.80524993896483,71,Health Services,Medical/Nursing Services
VIMTALABS.NS,628.5,854.0476872024161,-26.409261518081895,384513.8406374502,-5.0245561012466915,-2.656241580665375,21.02058656296797,41.53462695903352,0.21886322826246052,635.2451059946075,630.827266631569,606.2620043945312,553.3637469482422,530.593419342041,70,Commercial Services,Miscellaneous Commercial Services
LLOYDSME.NS,1816.300048828125,2125.0,-14.527056525735293,524458.3306772908,1.4692764708449824,-11.520849297281044,8.552480386819617,55.22595930400873,0.22498885625277668,1826.2711832685302,1854.3400981726584,1891.5039990234375,1822.1470092773438,1544.9146881103516,70,Non-Energy Minerals,Steel
SHAREINDIA.NS,169.5399932861328,209.3574059154358,-19.018869886736244,1502968.972,-1.8354544059431488,0.6530460869051513,29.959725370373256,31.86467620265838,0.21680851868962048,170.5156537784819,171.38016308324984,171.42825805664063,155.43673248291014,151.33248950958253,69,Finance,Investment Banks/Brokers
INDIANHUME.NS,383.6000061035156,426.6626968523802,-10.092912051264635,99945.69879518072,0.7088506826715912,-2.1678142993336147,35.779985482010225,27.90997155612578,0.21535306475453814,384.9049454471074,383.36434863656007,378.6414855957031,346.7454516601563,355.8088088989258,69,Producer Manufacturing,Building Products
CENTENKA.NS,577.4500122070312,659.4200186323656,-12.43062147178058,109727.47791164658,5.605344750970853,-3.619865250338794,17.046722420810024,40.9610036497968,0.21334979611191054,579.4319489197213,574.5850173833293,560.4913922119141,513.8481597900391,469.90082885742186,69,Process Industries,Chemicals: Specialty
STYLAMIND.NS,3346.39990234375,4150.0,-19.363857774849404,69518.244,-3.408864126316924,-5.375373891029267,7.359637547120634,51.24287058870263,0.212890783087797,3402.1226400407236,3448.8234018080393,3417.435986328125,3102.679987792969,2648.4375030517576,69,Non-Energy Minerals,Forest Products
COSMOFIRST.NS,906.1500244140625,996.0,-9.021081886138305,101017.0562248996,-2.4806271513299394,1.5294145001750747,21.893155036168043,35.54772462771621,0.20844856546838916,929.4032700470884,924.4741428721172,886.8071228027344,816.7679724121094,740.0611950683593,68,Process Industries,Containers/Packaging
JASH.NS,521.3499755859375,572.8499755859375,-8.990137417274635,126739.17338709677,11.985820912057065,4.667731218134152,16.56790957762717,34.12141603972738,0.20751067624011643,482.5668571099258,484.03563080957207,497.96699890136716,468.55499877929685,436.61857025146486,68,Producer Manufacturing,Industrial Machinery
GEOJITFSL.NS,80.44999694824219,86.5,-6.994223181222903,993761.0120481928,-3.4445544372227244,4.453389320531165,13.515903380477589,40.01004857252646,0.20605012863537822,81.97974743563084,81.20301872174943,79.40191009521484,75.27151031494141,70.94793153762818,68,Finance,Investment Banks/Brokers
AURUM.NS,224.0,264.6400146484375,-15.356715688829581,208680.504,-3.1351351351351364,-0.8893387707131439,22.08415370394472,36.618681890463,0.20781337599712474,226.77864937374864,227.1239381276721,227.53419982910157,206.93130004882812,191.45609977722168,68,Technology Services,Packaged Software
BHARATSE.NS,224.52000427246094,261.4935961713362,-14.139387136138271,565677.5179282868,2.4036507514074934,-5.285804099551539,30.965559436638166,28.4784791034151,0.19864263727587933,221.836566474167,223.80076704588978,228.0043017578125,206.4049334716797,187.84628883361816,67,Producer Manufacturing,Auto Parts: OEM
DIXON.NS,14151.0,18471.0,-23.388013643007955,529570.869047619,-3.008910212474303,0.9127861370605395,22.561926208210625,33.27368619325672,0.19959718545930558,14346.336809805513,14352.895073524774,14057.82,12780.08,12145.33,67,Electronic Technology,Electronic Production Equipment
ACUTAAS.NS,3238.5,3740.0,-13.409090909090903,399152.748,2.464718722293169,-1.8011432761053658,0.9822263797941932,50.306314546388656,0.20303436949501963,3209.476653166784,3229.39857886394,3345.347998046875,3135.4650024414063,2549.8649993896483,67,Health Technology,Pharmaceuticals: Major
AVL.NS,623.25,703.5025243881884,-11.40756736558709,232768.412,3.170009135572016,0.044313573150467356,19.799874584318577,35.0874067880862,0.20300788718717347,603.5165213922936,604.8551205699885,619.4172509765625,588.3285565185547,539.3127073669434,67,Retail Trade,Electronics/Appliance Stores
IRMENERGY.NS,285.29998779296875,393.0,-27.404583258786573,1588003.908366534,1.747501427654563,-3.107496700536394,16.54411120764898,36.507171192808016,0.1911935264207608,283.906969522853,283.1883903647751,274.98199951171875,279.9734994506836,262.5282498931885,66,Energy Minerals,Integrated Oil
PIRAMALFIN.NS,2289.800048828125,2324.0,-1.4715985874300785,397713.990521327,2.8615043518906313,9.001766175638771,18.079625953186486,29.195963210295538,0.1918877674039098,2233.284782333694,2197.028123769936,2142.432001953125,2055.4709887695312,1881.0058709716798,66,Finance,Finance/Rental/Leasing
KSL.NS,922.0,971.394119592367,-5.0848691170886084,51023.23809523809,1.9573164266240672,9.280548377395913,15.49084677167183,32.89470419893499,0.19856977029217135,914.5574228071815,900.3888702137613,886.9059326171875,853.4751257324219,780.5618667602539,66,Non-Energy Minerals,Steel
MINDACORP.NS,706.2000122070312,769.0,-8.166448347590215,567317.952,-0.8702992693087941,-3.9540332665045863,11.70710839306941,42.06657951408446,0.19460927743322812,708.635634187513,710.4157364194226,704.4204724121093,647.029140625,602.3108206176757,66,Producer Manufacturing,Auto Parts: OEM
POLYMED.NS,1744.4000244140625,2103.492450651864,-17.071248633505686,197963.4501992032,-0.6832156589159255,-1.3782289203156828,18.194078106661582,36.17734385221847,0.19585193622931132,1737.768813054316,1737.59714488348,1714.003310546875,1614.3856506347656,1581.834478149414,66,Health Technology,Medical Specialties
ADANIPOWER.NS,211.11000061035156,254.1999969482422,-16.95121827505931,36085227.71825397,1.6417928320716868,1.0095696700246792,-5.361548536860916,52.04176545225687,0.19574334837056578,207.58529297419759,207.72858106618227,211.3418002319336,218.79710083007814,184.08285041809083,66,Utilities,Electric Utilities
SIS.NS,429.95001220703125,480.95001220703125,-10.604012622011616,171933.88353413655,0.3032820084119203,-1.1495573881303955,3.490191256216457,44.32696240887881,0.18578259063631578,428.2051159068033,427.0353398950971,428.9379998779297,412.9800003051758,363.1694987487793,65,Commercial Services,Miscellaneous Commercial Services
METROPOLIS.NS,592.5999755859375,609.0499877929688,-2.7009297326548887,295536.864,1.7601099733346448,5.220163839076575,12.994558450311079,33.207002082448845,0.1840121213322164,582.0838824980452,575.5976962795511,568.2560009765625,545.2762918090821,507.74699829101564,65,Health Services,Medical/Nursing Services
MEDANTA.NS,1468.9000244140625,1544.0,-4.863988056084034,230075.1767068273,-0.7298727521927173,0.9495012100622313,19.903789826297768,32.36834506416712,0.19035387940349358,1452.8137979237642,1440.6386705954903,1397.5741552734376,1304.6247143554688,1215.819503479004,65,Health Services,Hospital/Nursing Management
JUSTDIAL.NS,677.6500244140625,878.5999755859375,-22.87160900930616,571786.656,-4.583214197901208,-0.8268642587211827,26.62804699598467,28.379284978054642,0.187164338184829,686.6537382448847,684.4221232582644,676.6530017089843,604.7915014648438,624.1607499694824,65,Technology Services,Internet Software/Services
TITAGARH.NS,896.5499877929688,971.0,-7.667354501239054,1054498.8964143426,7.506442193131924,6.802069778498621,8.976537558061114,35.144702260876805,0.18861900346781973,859.0352011903956,849.5611012589505,845.192998046875,835.7390014648438,795.7297491455079,65,Producer Manufacturing,Trucks/Construction/Farm Machinery
CARBORUNIV.NS,1097.9000244140625,1303.7913206843634,-15.791736990719352,239397.836,-0.23625402870853796,-2.060657947006017,10.294432520607554,37.85767960187718,0.17795644604661082,1104.3300456961701,1107.1525513982035,1100.5317456054688,1074.9273852539063,951.3126458740235,64,Process Industries,Industrial Specialties
INDIGOPNTS.NS,1120.0,1340.211918083566,-16.43112668319333,131766.96,-2.441368847426617,0.37960282234486,15.176224818491523,34.17075995376357,0.18052955106779198,1155.071416034154,1143.8005437642742,1100.56775390625,1027.8276141357421,1026.2244857788087,64,Process Industries,Industrial Specialties
KPRMILL.NS,1134.300048828125,1331.0754095910231,-14.78318653812093,493417.564,-3.6769639653115527,5.3496888890501415,8.726724615649605,36.70763350905963,0.1800331216959761,1152.2057935352905,1137.2162379465617,1115.0552026367188,1058.7857391357422,983.4715856933594,64,Consumer Non-Durables,Apparel/Footwear
GPTHEALTH.NS,160.64999389648438,175.0,-8.200003487723217,134004.1124497992,5.948683455258741,2.2336734889074616,12.17518594098921,33.353379569292606,0.1803551065332117,155.9377224493999,155.29355663376026,156.0771206665039,149.12580444335939,140.04072906494142,64,Health Services,Hospital/Nursing Management
CUB.NS,232.08999633789062,248.85000610351562,-6.734984671309685,3603034.115537849,-1.2340989350535625,7.240549996083412,21.632568524151786,24.245208469577406,0.17512554050787824,230.89216323089414,226.23408024225296,220.31506805419923,206.79337341308593,204.36979194641114,63,Finance,Regional Banks
ANANTRAJ.NS,614.7000122070312,742.4300925158334,-17.204324231520573,3506604.1785714286,4.389918942489812,1.3938164465206127,15.139787803139182,30.295216731977636,0.17377778217285914,617.6549637508066,615.138617738475,602.8246508789063,560.416745300293,541.0600090026855,63,Consumer Durables,Homebuilding
KAJARIACER.NS,1235.9000244140625,1285.36522978804,-3.8483385288191174,271570.53386454185,0.5614340450823763,4.32177558474125,14.753948413561968,30.101585192117632,0.1738731712237213,1233.1464131352716,1227.5731103332864,1219.5340014648436,1171.3315014648438,1083.7784982299804,63,Producer Manufacturing,Building Products
AUROPHARMA.NS,1688.0,1717.0,-1.6889924286546343,1320713.668,0.2792105409339829,2.4271844660194164,15.292673188144622,31.269925184826075,0.176091299776711,1662.638784350349,1646.1998641496916,1603.2980004882813,1534.3719982910156,1380.0589971923828,63,Health Technology,Pharmaceuticals: Other
FIVESTAR.NS,523.5,663.5913003653413,-21.11108151782789,1540444.096385542,-2.158674526956139,-3.635526921306953,22.143481804346266,29.297441396667743,0.17419048263013973,527.8158971062682,530.266966952407,539.2788562011718,503.0776049804688,490.19479141235354,63,Finance,Finance/Rental/Leasing
SMCGLOBAL.NS,84.69999694824219,93.45573319525865,-9.368859402903562,871365.6129032258,6.836526554489164,6.487296923965125,25.583549364271207,19.054057445110484,0.172777998275675,80.70411121851092,80.08628939957413,78.16560028076172,71.90323013305664,72.7419909477234,62,Finance,Investment Banks/Brokers
PCBL.NS,334.25,413.2299507534673,-19.11283308711248,2105351.418326693,5.275590551181097,3.3549803055928695,22.02226651818162,23.041140641183787,0.17021691328164684,322.6888700913988,321.3639533239944,319.095009765625,305.07187591552736,294.616739654541,62,Process Industries,Industrial Specialties
IDFCFIRSTB.NS,86.23999786376953,88.50001826783308,-2.5536948446992613,29389832.706349205,1.3515120171262884,2.3377255241236794,13.063195526783433,30.73358111493394,0.1681508741054597,85.9769283788328,85.46968330912391,83.52875122070313,77.85405502319335,77.1224709892273,62,Finance,Regional Banks
HAL.NS,5032.89990234375,5149.89990234375,-2.27188881762056,1165865.9003984064,4.686325819764736,2.335602365893852,20.87094947106978,24.8260755438233,0.17127468114005498,4907.069494440206,4878.203433842437,4710.769404296875,4547.67431640625,4362.8919604492185,62,Electronic Technology,Aerospace & Defense
SUNFLAG.NS,337.5,428.0,-21.144859813084118,342503.0637450199,-0.6330027778948311,-11.382435449333572,0.686153851196214,48.052285514987794,0.17086972993697783,344.08534601046716,348.7338095989613,352.97499755859377,353.97769958496093,300.26169998168945,62,Non-Energy Minerals,Steel
TATATECH.NS,790.8499755859375,891.0,-11.240182313587265,1264512.3864541834,-2.9572410896499646,-10.043797574478297,9.78130051495334,41.37242459540034,0.17178876368785484,804.118725687673,805.7636073683018,776.7099975585937,725.26888671875,665.5856581115722,62,Technology Services,Packaged Software
CLSEL.NS,309.20001220703125,324.79998779296875,-4.802948328890055,209835.51612903227,2.843844498294157,11.183029637165642,15.416207260723214,22.72276878437505,0.16234960069229526,301.7052722954951,296.9613234262909,287.89400085449216,284.56590148925784,270.4700508117676,61,Process Industries,Agricultural Commodities/Milling
PREMEXPLN.NS,672.5999755859375,829.7999877929688,-18.944325683245477,689671.593625498,1.3028034068638616,3.612408578901527,2.7105445005350948,37.23729181996285,0.16560842134612358,668.3198290175314,666.9532673511125,674.8799975585938,657.0349963378907,573.4607501220703,61,Process Industries,Chemicals: Specialty
JSWINFRA.NS,331.1499938964844,355.79998779296875,-6.928047988249963,2235346.270916335,-1.0902013230482677,-3.1725164045367293,20.584044214759633,26.340341023073876,0.1596782626044527,334.3516922100544,334.75843571855086,332.9290008544922,308.4147183227539,285.96212928771973,61,Industrial Services,Engineering & Construction
SWANDEF.NS,2519.0,2750.0,-8.399999999999997,13379.87951807229,2.9003267973856106,-6.527140477120142,26.08238496512176,24.54882571075401,0.16628850358152664,2459.0733804547895,2439.7541597655845,2389.9000048828125,2175.276005859375,1917.7167504882811,61,Producer Manufacturing,Trucks/Construction/Farm Machinery
EPL.NS,247.89999389648438,274.0299987792969,-9.5354541470686,1475453.488,3.1412471817109378,8.262729723979035,14.234367158916905,26.170602243014084,0.16705221707847606,248.46582940797754,247.5275386389765,240.77440032958984,232.0061001586914,220.40524978637694,61,Process Industries,Containers/Packaging
IKS.NS,1798.9000244140625,1933.0,-6.937401737503235,244977.808,3.33754445980452,4.054834197480206,9.090359273139015,28.82411865961485,0.15401476531264138,1769.048970130336,1775.7536368158846,1814.6700024414063,1729.1660009765626,1645.2885021972656,60,Commercial Services,Miscellaneous Commercial Services
KRISHIVAL.NS,415.5,508.0,-18.208661417322837,20267.907630522088,1.1071876524672009,6.757447833526453,2.1009921455952707,33.17307692307692,0.1536173674486136,409.7843955671162,404.89086373958764,398.55899841308593,389.27399993896483,373.70702209472654,60,Process Industries,Agricultural Commodities/Milling
WESTLIFE.NS,561.6500244140625,766.669811438393,-26.74160166026117,212671.6265060241,-1.6719165946914138,-5.581230988397112,30.88925246722194,19.824850343845846,0.1591327802055636,556.0041679380168,557.4178266339214,531.3519006347656,499.73957397460936,502.3923942565918,60,Consumer Services,Restaurants
SANGAMIND.NS,581.7999877929688,672.5,-13.486990662755572,65578.375,-3.065648790376174,-4.903563353805085,10.566845527663137,34.738991388175265,0.15778372663770412,580.8644993308037,583.9230968156044,590.5639990234375,554.6393496704102,501.0609646606445,60,Process Industries,Textiles
SIMPLEXINF.NS,256.1000061035156,330.0,-22.39393754438921,143700.9193548387,-4.73532756931786,7.213133226663837,-1.5946182119056185,37.142550374879676,0.1534772857478117,261.98988268741107,258.6925544976723,254.11219970703124,246.89620025634767,236.20509994506835,60,Industrial Services,Engineering & Construction
NORTHARC.NS,307.6000061035156,334.0,-7.904189789366578,834566.2301587302,2.635967158729069,8.962103933600329,6.270510668868945,26.897695482151928,0.1469624889611443,302.27725786317995,297.7383758379336,296.80500061035156,290.5077005004883,269.85390045166014,59,Finance,Finance/Rental/Leasing
CHALET.NS,888.5,1068.9158300195356,-16.87839443974165,158289.816,-1.709166657270067,3.3500043484974595,19.438092598509126,20.91725840506362,0.1469741534555067,889.9675031667339,877.0872515558035,848.9430053710937,815.3595043945312,823.5987521362305,59,Consumer Services,Hotels/Resorts/Cruise lines
RPSGVENT.NS,857.0499877929688,1179.0,-27.30704089966338,352125.888,1.0195618965098685,-6.8525148859847835,-1.3183664026518382,41.07818729102366,0.14767218208067945,850.8884277100483,864.2010602284256,887.4419946289063,896.8679992675782,823.4787509155274,59,Finance,Financial Conglomerates
OBEROIRLTY.NS,1826.699951171875,1983.9545449282684,-7.926320396724574,534647.72,-2.8712714096872483,1.8795287881692602,15.541507559912882,24.595958696057263,0.14589614363061898,1862.6080911088734,1860.5238460320786,1858.7807666015624,1765.5292468261719,1670.461039428711,59,Finance,Real Estate Development
KPIL.NS,1397.0,1468.0,-4.836512261580383,200562.392,-0.8094308588786903,6.203434245965278,12.42142000680959,25.720086038137136,0.15174204180602918,1398.9017837460935,1385.9698086986596,1349.2099951171874,1317.6484765625,1227.1496673583983,59,Industrial Services,Engineering & Construction
SANATHAN.NS,482.0,551.9500122070312,-12.673251319866562,38286.072,9.48324815445769,0.02075246000876607,17.83400913923343,21.74791801740419,0.15001845256179228,458.33113653636445,458.932119299795,461.6590008544922,444.9245004272461,435.7312496948242,59,Process Industries,Textiles
RELIGARE.NS,255.1999969482422,280.0,-8.857143947056356,1405621.4779116465,5.107081441774564,9.834297501393884,11.846429853272333,21.506450712505476,0.14634076885440125,246.19923174965288,243.28232101513711,250.2054006958008,242.75100006103514,237.540350189209,59,Finance,Multi-Line Insurance
CARYSIL.NS,1173.9000244140625,1280.9000244140625,-8.353501285078535,127388.81746031746,3.0460037508333926,-1.8724419877776621,-0.4241241747776736,38.65233456131754,0.1526380854962152,1150.7991878192079,1153.5894723431577,1165.0460034179687,1109.210501098633,991.4500003051758,59,Consumer Durables,Home Furnishings
GOKEX.NS,778.4000244140625,954.9000244140625,-18.48361037673053,696921.4183266932,-0.26905516796124074,-2.229479301098225,18.73999525721772,22.59233159290941,0.1418612983731331,780.7675826137762,786.1583012522309,809.8580041503906,766.7985009765625,737.0627514648437,58,Consumer Non-Durables,Apparel/Footwear
TITAN.NS,4978.0,5186.7001953125,-4.023756674833711,982598.876494024,-1.425742574257427,-2.2003929273084477,24.076679443977646,18.34635053603819,0.1397889120472114,5039.928341761421,5028.942398104245,4861.810888671875,4548.178039550781,4321.099669189453,58,Consumer Durables,Other Consumer Specialties
RAJRATAN.NS,493.95001220703125,563.9500122070312,-12.412447643374168,207398.852,-0.5536541035665921,-6.30690425457402,13.360048219023968,28.935456969068962,0.14265450992063314,495.3061438453139,498.1501739247165,495.4749816894531,462.6397637939453,447.49649200439455,58,Producer Manufacturing,Metal Fabrication
MUFIN.NS,134.85000610351562,141.5,-4.699642329670938,1421208.1992031874,0.14854230679357538,-2.1336724913775473,13.826289114572932,26.655400166647137,0.1439816653343458,136.19889010638673,135.82672073385513,133.05,127.04750022888183,119.14724998474121,58,Finance,Finance/Rental/Leasing
VIYASH.NS,258.6000061035156,298.0,-13.221474461907512,2169373.8333333335,-0.1929756805178262,-1.0900768676418426,3.4606958435229096,32.39811407249034,0.1376014144047286,262.6560927026563,263.7448695301183,267.3919995117187,254.34979919433593,229.925199508667,58,Health Technology,Pharmaceuticals: Major
AJANTPHARM.NS,3550.0,3796.0,-6.480505795574287,113605.5702811245,-1.440903516224279,1.7425211990990785,16.508544798596336,22.00385423707654,0.13958519022606905,3535.940137535379,3538.4400307306037,3467.3283349609374,3236.6128002929686,3001.3321630859373,58,Health Technology,Pharmaceuticals: Major
GENUSPOWER.NS,328.25,363.0,-9.573002754820937,1374755.8525896415,0.10674172309563801,7.622950819672125,5.989663242430954,27.154757993767387,0.1419406650648023,333.826330291651,329.9253147398992,319.37199951171874,317.8128991699219,296.32538238525393,58,Electronic Technology,Electronic Equipment/Instruments
AARTIDRUGS.NS,425.3500061035156,531.6963704720772,-20.001333519380594,175843.216,3.315519429623004,2.198460746784625,14.372146567420675,21.894251676127308,0.1384058873299635,422.6693431868218,419.9540192550245,411.4910003662109,394.48450073242185,386.21382461547853,58,Health Technology,Pharmaceuticals: Major
KARURVYSYA.NS,341.6000061035156,358.6499938964844,-4.7539350573333135,3295947.709163347,-1.7261219489775215,3.140094659774162,24.798537677710453,14.14349314576091,0.1355236529867458,344.6073604714434,341.8610881363017,328.5959918212891,309.3205892944336,293.79111145019533,57,Finance,Regional Banks
MOLDTKPAC.NS,692.4000244140625,842.4997423108806,-17.815995704059418,94254.43775100402,-2.3757455884296785,1.0286786429221983,5.195990819318608,28.913262304012743,0.13092263337142152,698.7868576361027,696.2181591283427,691.3739978027344,672.9878332519531,617.6803558349609,57,Producer Manufacturing,Miscellaneous Manufacturing
HCG.NS,702.25,804.6500244140625,-12.726032598908965,217350.032,-4.234281782333127,3.906195955866476,10.416666666666675,24.955516014234867,0.13465017418633932,706.6848949194301,705.6855775732588,685.0440002441406,651.3204992675782,635.1809451293946,57,Health Services,Hospital/Nursing Management
DLF.NS,667.2000122070312,784.9450504063134,-15.000417944967415,3563234.629482072,-1.17751787299879,1.0909109404592776,19.995852826494144,15.572093973304057,0.12328023838061843,675.8287792161772,672.7360764653707,661.9761767578125,624.8965863037109,624.8069032287598,56,Finance,Real Estate Development
EMCURE.NS,1924.9000244140625,2044.024834505764,-5.827953167726818,209598.87698412698,3.7797847808112683,-3.5050979498969737,11.084184439925115,23.62307585446064,0.12451444561863523,1897.5396622867188,1893.1999351469908,1884.3370434570313,1802.7398754882813,1643.981206665039,56,Health Technology,Pharmaceuticals: Major
TIPSMUSIC.NS,651.2000122070312,741.0,-12.118756787175267,400537.168,1.141575972633202,0.9064905620833619,1.3225454860053665,30.40953324270852,0.1285603265256501,648.7124440292762,653.0463946490642,668.91,659.4469982910156,596.6882624816894,56,Consumer Services,Movies/Entertainment
FEDERALBNK.NS,342.3500061035156,370.4344787597656,-7.581495316061915,9196860.865079366,-3.1130606509109593,-3.1110941829475047,8.812037592791832,27.4891820645244,0.12705759201966713,346.16880222874323,348.30375654227225,347.21933410644533,323.56635986328126,298.11242958068846,56,Finance,Major Banks
FEDFINA.NS,160.5,178.47999572753906,-10.073955713774584,1319037.099206349,1.8594862851992078,3.7961552944631327,5.046146379120864,25.09742492777052,0.12497993572257014,159.9160390236456,157.97394296147837,155.07260009765625,154.37620025634766,148.63325000762939,56,Finance,Finance/Rental/Leasing
ABCAPITAL.NS,395.70001220703125,430.70001220703125,-8.126305783148203,4980453.334661354,0.31689693530645435,-2.9552391889561602,17.55793375872383,19.00752246828008,0.12311030970668595,401.4605173700086,403.30710290213307,403.84800048828123,381.7264999389648,361.7192497253418,56,Finance,Multi-Line Insurance
ZENTEC.NS,1803.5999755859375,2042.629425992547,-11.702046752335471,597184.673306773,1.2860125255235832,4.915422358485588,5.215164933279759,25.55103820084559,0.12896650484571637,1819.7469513730791,1820.8003479994777,1794.9493383789063,1749.2672595214844,1563.0493432617188,56,Technology Services,Information Technology Services
MAHABANK.NS,84.30000305175781,94.5,-10.793647564277443,19418385.325396825,2.305827051814058,6.776448778108213,-3.436425996710879,27.663170922656445,0.11620213030852364,84.08662749101502,83.12204962061743,81.71659973144531,81.83328742980957,72.56052494049072,55,Finance,Major Banks
BFINVEST.NS,452.8999938964844,584.7000122070312,-22.541476921310377,69378.42570281125,2.6169678561780207,-3.545947040643005,9.018649555477598,24.414855713368322,0.12024044529479809,455.10287486750656,455.5367994533092,460.0371551513672,439.1514196777344,414.2021295166016,55,Finance,Financial Conglomerates
HOMEFIRST.NS,1215.0,1311.570558920454,-7.362970925478896,314776.5742971888,4.318713053736722,1.7758376867789138,15.813557170412196,16.599299556998393,0.12170825816652471,1197.5087601345106,1193.1378784624058,1198.0319946289062,1158.2752673339844,1125.58340423584,55,Finance,Finance/Rental/Leasing
RAINBOW.NS,1466.4000244140625,1610.0,-8.919253141983695,153298.08032128515,3.6544903531919637,-5.800727795349081,9.641007415001113,24.27897960201342,0.1180919754155508,1448.6575331813347,1457.4844379855715,1473.8792138671874,1406.6232482910157,1323.5968933105469,55,Health Services,Hospital/Nursing Management
STARHEALTH.NS,563.3499755859375,624.9000244140625,-9.84958336108842,648320.952,-0.7749932917767488,-1.1406510973904105,7.427526574850107,25.94455420523778,0.1230045010589439,567.1205764956221,572.6777043452273,583.5719982910156,556.6155010986328,509.4102507019043,55,Finance,Life/Health Insurance
ETHOSLTD.NS,2737.39990234375,3245.89990234375,-15.665917474313673,43663.93172690763,-5.564565203201366,-1.6067069387674882,14.785300498835952,20.500064321066702,0.11757817970003832,2822.929025435871,2816.8381339898992,2708.3800048828125,2559.8880029296874,2588.423994140625,55,Retail Trade,Catalog/Specialty Distribution
ROTO.NS,65.4800033569336,85.27999877929688,-23.217630987079772,2244859.188,4.18457429859036,-2.9494557992669757,8.554382772240189,23.384216569572903,0.11748567729506858,64.9831452013533,65.45592904585644,67.32740028381347,64.0730001449585,62.216800174713136,55,Producer Manufacturing,Industrial Machinery
CHOLAFIN.NS,1814.0999755859375,1952.5,-7.088349521846993,1640788.4262948206,-0.033061971790437905,-5.515626271565754,24.73794811455765,11.894231235470265,0.11072645477063207,1839.476010616334,1847.3804093760202,1833.053994140625,1714.5455615234375,1678.7770666503907,54,Finance,Finance/Rental/Leasing
INDOSTAR.NS,251.0,292.0,-14.04109589041096,160720.248,0.681908113691132,9.368191721132902,4.183962272814767,20.38946394877894,0.113528034169517,254.87396075763354,253.93766053227185,255.88160095214843,239.77230056762696,231.76835021972656,54,Finance,Finance/Rental/Leasing
PRIVISCL.NS,3520.699951171875,3774.7057070510364,-6.729153888863082,119235.51004016065,1.3413503412599725,-3.386299585012531,12.740488841724273,20.584085124038886,0.11512655819256327,3429.8285127718664,3462.24460888803,3568.2693310546874,3443.1962548828124,3184.5665869140626,54,Process Industries,Chemicals: Major Diversified
NUVOCO.NS,337.45001220703125,460.0,-26.64130169412364,740762.5498007968,4.522225748025677,-0.13317007918945967,11.998017218275535,17.70142931258494,0.11105565449481311,334.7899681850643,333.1422951575302,335.8710003662109,325.15000122070313,329.073000793457,54,Non-Energy Minerals,Construction Materials
CGPOWER.NS,914.7999877929688,980.9000244140625,-6.738712914252232,3370797.8928571427,4.22101826180219,3.8365479901213195,0.038271702254433215,25.953463192640424,0.11582278211936983,897.0920143296645,891.430182838105,890.1099975585937,889.1504992675781,779.925712890625,54,Producer Manufacturing,Electrical Products
GAEL.NS,165.49000549316406,184.66065065257942,-10.381553997382486,1014008.2738095238,-3.108897812481104,-1.8267441271036744,5.040342829548594,25.19647745435496,0.10914455223937718,169.09952754041748,169.90690251916124,164.7854458618164,161.7783331298828,147.56299926757814,54,Consumer Non-Durables,Food: Specialty/Candy
BANSALWIRE.NS,314.1499938964844,370.0,-15.094596244193415,128213.6015936255,-1.751370165290267,-1.7974367332625252,3.389826422929132,26.954939491146355,0.1126429936015575,317.1031976314512,318.52310930132415,322.9749993896484,316.7809991455078,300.324599609375,54,Non-Energy Minerals,Steel
ABB.NS,7431.0,7832.294844565128,-5.123592159500845,328309.812749004,0.4732287723093531,-2.8563958428655445,11.898801822269522,21.282527458874554,0.11558695238888506,7458.153196703015,7472.641133684137,7340.331591796875,7123.534809570312,6347.381970214844,54,Producer Manufacturing,Electrical Products
TVSMOTOR.NS,4076.89990234375,4484.5,-9.089086802458468,906308.7976190476,-2.9309547061011854,-7.343184037642048,23.06507613660289,13.617801116584083,0.10604911009475973,4194.510054290521,4229.757135208885,4087.24400390625,3769.8039892578126,3715.970046386719,53,Consumer Durables,Motor Vehicles
USHAMART.NS,499.20001220703125,529.2999877929688,-5.686751611585306,737974.852,0.05010521973818349,-2.349207455966573,4.639636858991469,24.15463047499444,0.1058891227847572,501.8533840394759,499.86659915727785,499.2850732421875,486.0911447143555,454.1366862487793,53,Producer Manufacturing,Metal Fabrication
BLKASHYAP.NS,57.04999923706055,73.0,-21.849316113615693,610823.068,2.4604865739510817,1.9113963979526583,6.377024241714246,20.511193606199953,0.10745912651979894,56.443959684587405,55.56307558779694,55.095799942016605,55.10659980773926,52.380899829864504,53,Industrial Services,Engineering & Construction
MAITHANALL.NS,1046.0,1210.0999755859375,-13.560860994685942,86350.11155378487,7.53019789257261,7.089838750959809,10.128449509729865,13.2271500217797,0.10500382401080062,1034.1610639704782,1014.664635220808,995.7679992675781,1000.5411163330078,985.328383178711,53,Non-Energy Minerals,Other Metals/Minerals
SANSTAR.NS,109.79000091552734,137.49000549316406,-20.146922300482384,513004.219123506,2.2634130880784253,-2.806301517915877,-1.8329716465385393,29.043251707422236,0.10732490194232001,109.41955455475541,109.61232657171372,111.35319992065429,109.60369964599609,98.96264976501465,53,Consumer Non-Durables,Food: Major Diversified
BAJFINANCE.NS,1046.5999755859375,1176.4000244140625,-11.033665941376992,8129447.325396826,-0.8807698279281517,-4.271478199625422,14.67207186542554,17.83512861745724,0.10593300383892659,1060.4093909884132,1068.0672319024568,1066.9320056152344,996.8252862548828,973.0919375610351,53,Finance,Finance/Rental/Leasing
M&MFIN.NS,367.45001220703125,415.0,-11.45782838384789,3350650.721115538,0.8369973550035992,-10.877995855885969,36.277558607738555,4.1633497258408925,0.10456708036981091,373.9704807011882,376.5471629359583,366.4050012207031,332.88432525634767,338.5721783447266,53,Finance,Finance/Rental/Leasing
FINEORG.NS,5138.5,5394.804360638102,-4.75094819949663,16879.388,-2.731502423382781,-0.4571801633014627,9.195912881491598,20.36356869559568,0.1053961506768718,5179.523174819822,5152.85127616278,5057.464033203125,4917.492993164063,4630.855242919922,53,Process Industries,Chemicals: Major Diversified
MANAKCOAT.NS,124.9000015258789,182.7466119542093,-31.65399884011255,702461.2690763052,2.017480368003155,9.117252256194398,19.707005117506093,6.241107173128979,0.10433742892542615,122.45403983082728,122.02881566397447,121.34689849853515,113.6369758605957,118.57648231506347,52,Non-Energy Minerals,Steel
MOSCHIP.NS,211.6999969482422,288.45001220703125,-26.60773513980742,3162445.222222222,-1.9180872219657585,1.8473955193952785,0.7855243382585364,24.595369540005585,0.10251475499162276,212.83948970915253,212.50814966132484,218.2582000732422,213.9472999572754,202.40404998779297,52,Electronic Technology,Semiconductors
AARTIIND.NS,495.75,551.75,-10.1495242410512,1108219.673306773,-5.544436875213831,-0.9589427449859578,15.870046261038585,15.992046579221508,0.10411600273481604,510.62381709388325,513.8257257937018,502.06300231933596,488.70750122070314,444.95025115966797,52,Process Industries,Chemicals: Major Diversified
ZYDUSLIFE.NS,1145.0999755859375,1205.0,-4.970956382909753,1061892.123015873,-0.7884228011531436,-3.8539063319951716,3.7502528596504714,24.34271827357626,0.10012539620811296,1147.1545242897898,1144.1757178546786,1137.1682788085936,1083.6113189697267,995.2182092285157,52,Health Technology,Pharmaceuticals: Major
AGARWALEYE.NS,518.0999755859375,568.0,-8.785215565856074,398362.9919678715,1.8478402109966208,-7.597652165800961,17.91078351903519,15.312706357043314,0.10163571186467353,512.0907143748756,508.87880038495933,498.44699951171873,479.2565005493164,473.02300064086916,52,Health Services,Medical/Nursing Services
LICHSGFIN.NS,558.4000244140625,586.4255760885916,-4.779046620281657,1622233.056,3.7147100841546044,12.962171028769841,5.28867876019159,13.876797002627029,0.10101227643277717,539.7634760142282,527.8413555365956,523.2003277587891,532.4676016235352,523.1518171691895,52,Finance,Finance/Rental/Leasing
AJAXENGG.NS,580.7999877929688,698.8499755859375,-16.892035761179216,84496.43426294821,1.7786669490337914,2.370672915450567,5.9274121326939655,18.144829247758466,0.09688156616905068,581.837506176672,578.3568667851113,573.5840014648437,563.5414990234375,547.160998840332,51,Producer Manufacturing,Trucks/Construction/Farm Machinery
CARRARO.NS,535.0,659.2363858620107,-18.845498902424886,178683.9357429719,-0.09278993377960232,8.828213014977425,7.831773654446339,14.063966698376973,0.09731482385302216,535.1010253735982,531.7328068946598,532.1200079345704,540.8225036621094,526.4064195251465,51,Producer Manufacturing,Auto Parts: OEM
CDSL.NS,1374.300048828125,1658.570789743815,-17.139500024572296,1766297.278884462,-1.200571615519408,3.1369642647748552,16.521277257473965,11.009051194788277,0.0986733934656053,1387.9249480375588,1379.7198919950542,1363.1371166992187,1304.8134460449219,1330.9848712158202,51,Finance,Investment Banks/Brokers
INDOCO.NS,239.63999938964844,332.20001220703125,-27.862736127685107,280355.3187250996,-1.7224397192092455,8.233591719441735,-1.382716300556197,21.92938209821167,0.09831412321085232,247.78661502966628,241.5524042665506,236.66019958496094,227.7897998046875,221.9309497833252,51,Health Technology,Pharmaceuticals: Major
LTF.NS,308.79998779296875,338.6000061035156,-8.800950317005164,6451254.888888889,-1.2787724284207602,-2.0925828253762657,11.904321120773066,16.999555069616346,0.0982472455616113,312.9283594545908,313.9544959488078,314.9419976806641,298.86665100097656,292.1574210357666,51,Finance,Finance/Rental/Leasing
GRASIM.NS,3293.800048828125,3411.10009765625,-3.438774749199569,740500.1633466135,-0.3388790067133107,-2.564707918114928,6.944849156087707,20.414785288612848,0.09702539377977133,3302.5677666819493,3285.4092678604757,3213.075849609375,3111.603273925781,2936.355358886719,51,Non-Energy Minerals,Construction Materials
SHOPERSTOP.NS,380.6000061035156,572.0,-33.46153739449027,120705.390438247,-1.488287798411314,-10.636296887099505,4.431333065043264,25.943080982661936,0.09430544155316721,386.33430993503583,392.6316029361094,391.0270001220703,365.6309991455078,362.61374938964843,50,Retail Trade,Department Stores
PHOENIXLTD.NS,1876.199951171875,2169.800048828125,-13.531205228556376,526812.0562248996,-0.8665341131574911,-3.0387622133397962,8.275617399753067,18.867202366419278,0.09335160312509923,1913.7547624821616,1921.7897950875733,1978.3279956054687,1887.775,1806.7004986572265,50,Finance,Real Estate Development
GROWW.NS,193.66000366210938,227.1999969482422,-14.76232118690277,54100380.6937799,1.9907302939189186,0.08268923106427017,-2.6687427883682613,24.893593906403577,0.09372425601655698,193.73231653594652,194.42710664919008,197.54899993896484,197.98970016479493,181.43330001831055,50,Miscellaneous,Investment Trusts/Mutual Funds
SENCO.NS,358.75,428.75506028088586,-16.327518148712738,1406141.15936255,1.700921332388372,-9.79273735891878,9.675866405682921,20.694946262580128,0.09392283088192009,356.42259139647103,358.5246811463577,365.0828540039063,350.11087524414063,332.9340397644043,50,Consumer Durables,Other Consumer Specialties
BCLIND.NS,35.599998474121094,44.900001525878906,-20.712700970394383,1117633.1164658635,-2.758814857667302,-3.679655422185646,-4.146475338813738,29.07903760913917,0.09375859871807689,36.4129711737731,36.50227144957999,36.076400146484374,35.513900146484374,32.86915011405945,50,Consumer Non-Durables,Food: Major Diversified
ARVSMART.NS,615.5,705.4097122162362,-12.745743453653402,157258.55823293174,-7.520094464871018,-5.089621953837553,7.5353479191986095,21.628454565053843,0.09142052364526508,645.6511887866719,646.209463311853,624.6240649414062,613.0411877441406,588.1916802978516,50,Finance,Real Estate Development
INDHOTEL.NS,721.9500122070312,789.0359805542071,-8.502269858474087,2562404.896414343,0.550140975909641,-0.9263071067552309,10.59405497170407,15.215322497693439,0.09134098166828514,722.9314184595547,724.5976466036295,729.9180017089843,698.0336651611328,686.495103149414,50,Consumer Services,Hotels/Resorts/Cruise lines
SOUTHBANK.NS,46.72999954223633,49.41417107532308,-5.431987372600489,22341206.948412698,2.164402770967966,3.0112182260561005,1.134674272991698,19.679019604222603,0.09030694045894568,46.455873279056355,46.17670566050212,45.886203384399415,44.0390905380249,41.68826654434204,49,Finance,Major Banks
WINDMACHIN.NS,304.3999938964844,343.8999938964844,-11.485897266950717,100260.69477911647,-0.9920371408191908,0.280021788073781,-7.166819285583392,28.006724133738082,0.09009444511353053,306.8778295974622,305.8122624127945,302.18499877929685,300.6196994018555,278.7443495941162,49,Producer Manufacturing,Industrial Machinery
APLLTD.NS,807.75,983.3745824758901,-17.85937786125319,126462.012,-3.2518892825660783,-2.6924438312579735,11.199592716111816,16.171377979276926,0.08964751312036112,817.3501810322364,818.5854282393605,816.9467797851562,781.6172521972657,776.6870922851563,49,Health Technology,Pharmaceuticals: Major
TATACAP.NS,363.29998779296875,390.20001220703125,-6.893906604951605,3527948.655021834,-0.3975359032299508,-1.0620981166698962,11.610701999232331,13.791955751894335,0.0874781968687046,368.38375711108097,367.3934695326124,361.3144970703125,343.5691970825195,338.75876358032224,49,Finance,Finance/Rental/Leasing
JSWDULUX.NS,3168.800048828125,3687.5560372755367,-14.067745227559502,102811.288,0.13588398888055853,5.216326334073251,1.3403065114834467,18.554534754421013,0.08880759520916148,3148.0497557308045,3123.59967044566,3067.7786474609375,3036.7924267578123,3033.6765124511717,49,Process Industries,Industrial Specialties
KROSS.NS,210.3699951171875,237.60000610351562,-11.460442039915087,905007.8366533865,0.6410545594967232,2.091622638871571,19.156041620409916,6.494888259143905,0.08827197773504522,210.2314744415192,208.52502299317013,200.28880096435546,195.57740020751953,192.18555015563965,49,Producer Manufacturing,Auto Parts: OEM
JAYNECOIND.NS,91.23999786376953,117.0,-22.017095842932022,7167048.488095238,-7.078118346910167,-1.8924754153015755,0.418222816272662,24.085406471486426,0.08673322515725038,93.7907664112719,94.17406687559003,91.59059997558593,95.34930015563965,86.7591499710083,49,Non-Energy Minerals,Steel
AUBANK.NS,1066.5999755859375,1144.0999755859375,-6.773883546349113,2352944.284,-1.804453734765088,-0.037490573014287154,11.304813173467032,14.596226919910338,0.09041991231924879,1078.5557524265112,1078.3455009775114,1059.540654296875,1033.4941467285157,998.5359466552734,49,Finance,Regional Banks
ADANIPORTS.NS,1720.699951171875,1891.0999755859375,-9.010630141923926,2420918.972111554,4.443092635622148,2.3616865658462327,-3.309733941453308,21.336403820278903,0.0845828792240703,1694.5638429772837,1695.665859130916,1741.9259936523438,1750.900986328125,1605.8482708740235,48,Transportation,Other Transportation
PRINCEPIPE.NS,281.75,353.3999938964844,-20.274475136938353,267679.156626506,-4.199253943289194,3.966789667896675,3.489439853076215,17.54276328206945,0.08437369808001059,286.7940574428344,284.6355405570455,275.6209991455078,271.95149963378907,261.18945030212404,48,Producer Manufacturing,Industrial Machinery
BASF.NS,3804.0,4797.620574444326,-20.71069520872667,25528.65338645418,1.1486904544509402,-5.64540361502035,17.761195721920274,10.624356751918107,0.08563889739784349,3832.12093765474,3851.403190957917,3788.685068359375,3678.1656127929687,3673.695672607422,48,Process Industries,Chemicals: Specialty
MAHLOG.NS,406.75,447.10758500270833,-9.026370018407059,262070.187250996,5.04906693611249,-1.1182705810773852,23.27050307307248,3.0927554365010934,0.08499505673917952,401.212275984378,400.93363802092153,399.60796447753904,383.70479675292967,367.1372023010254,48,Transportation,Air Freight/Couriers
KIRLOSBROS.NS,1846.0,2180.905610301624,-15.356263412762095,114023.82,-2.8523288372073297,-2.928955808068001,7.433936090924509,17.989212901325068,0.08554841942473047,1879.5607345660958,1891.416511195909,1898.5788208007812,1812.7455883789062,1698.1097241210937,48,Producer Manufacturing,Industrial Machinery
JUBLINGREA.NS,674.25,792.3323631991859,-14.903135184634753,336670.4780876494,-2.740714028128377,-9.11235125842591,9.584531742865243,18.531769492660246,0.08191525665425652,687.0240136206754,698.4629244290254,716.2836962890625,697.3184057617187,670.5356594848632,47,Process Industries,Chemicals: Major Diversified
GAIL.NS,174.7899932861328,181.85195677766524,-3.8833585388176384,10391748.293650793,1.0346782000767663,-0.02421055819475937,2.813804128981867,18.46829419134921,0.0833008462360297,174.26108530612575,173.9283114818265,173.4140481567383,170.03585693359375,164.54683479309082,47,Utilities,Gas Distributors
SCI.NS,290.20001220703125,367.499792159746,-21.03396562442512,6580649.46031746,1.036516173451818,-0.9398721620518247,-1.9736448754588798,21.302753266096364,0.078446850287357,291.0489978783477,290.964887715346,288.4671185302734,299.0823669433594,266.3540519714355,47,Transportation,Air Freight/Couriers
ARFIN.NS,90.5199966430664,106.19999694824219,-14.764595815212322,1296745.164,3.0158117829209408,6.393975899076776,6.720109607109559,11.162957514213412,0.08061592245925682,89.03072360679658,87.71558119362746,87.34819961547852,89.9044995880127,81.85224996566772,47,Non-Energy Minerals,Aluminum
CONCOR.NS,507.6499938964844,561.4378970396333,-9.580383409592297,1770735.0039840636,-1.2354097477656811,1.1456465570680807,15.66198118138975,7.699209879593361,0.07883866642891317,509.45908693651523,510.2989920471766,501.5419543457031,493.869833984375,492.8819848632813,47,Transportation,Railroads
PREMIERENE.NS,993.4000244140625,1134.0,-12.398586912340171,1642749.8015873015,-0.6599975585937501,-5.390473865327383,-3.982210723380475,26.142886749013105,0.08118396953666247,1003.2046493386795,1012.6230136500799,1035.7159997558595,1034.737490234375,935.360228881836,47,Electronic Technology,Semiconductors
BAJEL.NS,184.22000122070312,225.91705733944445,-18.45679853030785,699331.0358565737,-1.0474281395612461,-4.017085265095732,-4.863466981323505,26.696561060330982,0.08311424462760071,186.8975504474519,187.11457822869815,185.20660614013673,186.7248808288574,175.19541152954102,47,Industrial Services,Engineering & Construction
AFFLE.NS,1591.5999755859375,2185.89990234375,-27.18788386058284,325013.568,-0.3942705258068391,-3.281477929092247,8.857123463674421,14.421277899779827,0.07729925560615124,1602.9114919205583,1619.6487920442653,1582.8520068359376,1524.522996826172,1546.8074987792968,46,Technology Services,Packaged Software
INDUSINDBK.NS,996.2000122070312,1077.8499755859375,-7.5752623489665165,3292399.693227092,0.3626875588999212,-3.0273566770069316,12.246306221612603,11.028543196278285,0.07516106565483702,1001.0674202102687,1004.5001506435792,1009.5179992675781,959.6402978515625,915.7061486816406,46,Finance,Major Banks
KKCL.NS,504.0,590.1599224193676,-14.599419436371408,40284.47580645161,0.03970071692687149,-1.850048685491723,15.902033557755836,7.713568856846065,0.07489997944659518,508.2232307638251,510.21914647948756,508.887998046875,485.7167770385742,481.99117950439455,46,Consumer Non-Durables,Apparel/Footwear
APOLLOHOSP.NS,8920.0,9039.4765625,-1.3217199212136377,368011.432,0.241613755127279,-0.16339438862856825,5.205677371083572,14.801185732275645,0.07473660002022343,8779.345230067614,8787.167098007076,8820.8191796875,8487.008969726563,7895.111555175781,46,Health Services,Hospital/Nursing Management
ASAHIINDIA.NS,950.5499877929688,1074.0,-11.49441454441632,228012.5657370518,-0.06833730085371581,5.2774351634145455,10.458427898049338,8.109182575259455,0.07429854702116122,952.6053565741241,944.1361884451968,913.6390014648438,887.6050006103516,911.5720022583008,46,Consumer Durables,Home Furnishings
UNOMINDA.NS,1230.0,1378.852549646065,-10.795392856493146,855924.0517928287,-3.4839943160293485,-4.503105590062106,15.244068558838396,10.534447948107983,0.07537979197279357,1252.1941181883476,1249.2735185007557,1206.1700024414063,1156.2929284667969,1168.7833303833008,46,Producer Manufacturing,Auto Parts: OEM
ENDURANCE.NS,2756.0,3072.0,-10.286458333333337,116311.672,-4.012258049978589,-5.112756068170077,10.583359170392836,14.16453984369721,0.07417046669964861,2837.0481225380154,2866.418694757416,2809.1097509765623,2678.0519360351564,2584.424240722656,46,Producer Manufacturing,Metal Fabrication
NSLNISP.NS,44.939998626708984,53.75,-16.39070022937863,6440829.143426294,-1.46898043121384,0.6044335545806634,-1.2524713598034198,19.39425971156672,0.0735595114448041,44.8665653026545,44.19730425209887,43.34480026245117,44.21750011444092,42.311350116729734,46,Non-Energy Minerals,Steel
HYUNDAI.NS,2200.699951171875,2862.6621204739863,-23.124006307545187,906025.1984126985,2.149092597792812,0.03181596235795059,11.638416581711342,9.991387691989306,0.07709352503559996,2202.795779929002,2192.285611931046,2102.574033203125,1986.0839184570314,2057.282693481445,46,Consumer Durables,Motor Vehicles
EVEREADY.NS,348.6499938964844,460.44048815649995,-24.279032173647362,143571.344,7.243921055316793,-0.5561928616896528,4.858334413316068,12.03514301771753,0.06884711064275582,333.4802686741901,338.5293490122298,348.3731042480469,340.032509765625,328.18977508544924,45,Producer Manufacturing,Electrical Products
TORNTPHARM.NS,4932.0,5250.0,-6.0571428571428605,382870.8326693227,-0.6746551203302809,0.16246953696181787,7.869292448225984,11.608505009144054,0.06969218133484753,4940.065420177918,4942.61386578964,4932.237998046875,4664.776064453125,4341.255756835937,45,Health Technology,Pharmaceuticals: Major
BAJAJHLDNG.NS,11076.0,13642.165482850582,-18.81054357591895,61511.64143426295,-2.0689655172413834,-3.443466131985007,13.693902235359845,8.986583929620217,0.06807214464334901,11195.303258943453,11230.351539109406,11047.5,10656.068671875,10593.0787109375,45,Finance,Financial Conglomerates
ABSLAMC.NS,1030.5,1194.9557175378152,-13.762494720446483,380652.272,-2.025104377191911,0.507163847092218,-4.86145734628135,21.117154797308224,0.06887347046738138,1035.5652359129717,1031.5120196335656,1049.741785888672,1046.2477282714844,936.9334744262695,45,Technology Services,Internet Software/Services
SHARDAMOTR.NS,892.8499755859375,1189.9000244140625,-24.964286304170813,63616.104417670686,1.126962384951602,-5.147138301853182,14.014813359926602,9.821645213522444,0.07216370671511484,886.3370278099067,888.4929570286753,881.92,864.705498046875,875.8549969482422,45,Producer Manufacturing,Auto Parts: OEM
POWERMECH.NS,2430.0,3144.6219185600457,-22.725209486782383,93744.28514056225,-3.61732321664866,-7.134939223286274,-4.556166535742346,24.462198812421686,0.06629309397923851,2445.2986032796425,2477.147250646764,2554.200009765625,2564.374006347656,2364.0395068359376,45,Industrial Services,Engineering & Construction
ONEPOINT.NS,55.599998474121094,65.8499984741211,-15.565679935479771,1418116.756,1.5710573059638744,-5.458260201006848,-0.855926072148927,18.930478019510353,0.06380867076554482,55.907549500262796,56.08996282711655,56.299799880981446,57.34770008087158,53.98990009307861,44,Commercial Services,Miscellaneous Commercial Services
RICOAUTO.NS,130.8000030517578,157.3196224733626,-16.857159332488937,4286495.42629482,2.676822104127008,-7.832324917244227,3.0900773574640272,17.388184451576684,0.06583514214833737,130.1920650900337,131.2346665331291,134.14971237182618,129.0154103088379,123.90853168487548,44,Producer Manufacturing,Auto Parts: OEM
KIOCL.NS,377.75,634.5499877929688,-40.46962299788957,560582.9043824701,-1.6147967209044212,-3.904860306584046,-2.238611292214898,20.26424471813213,0.06491662766181132,381.07791224771904,382.09290095653546,379.437998046875,389.32549926757815,370.4727493286133,44,Non-Energy Minerals,Steel
HMT.NS,66.0199966430664,72.94999694824219,-9.499658115260235,15905.125,7.8581892346636595,9.467741899777394,18.167170046944612,-4.6091641144407,0.06285852671728949,65.15391869699032,63.778793159674095,62.86640022277832,61.30820007324219,56.474050006866456,44,Producer Manufacturing,Industrial Machinery
INDIGO.NS,4972.0,5970.0,-16.71691792294807,1388518.5903614457,-5.005731753916698,-6.769173073317081,9.880883716889887,12.894800067009648,0.0626777735181574,5071.974945801666,5134.075898717856,5230.887998046875,4909.155,4873.458504638672,44,Transportation,Airlines
BAJAJFINSV.NS,1933.5999755859375,2193.128599829014,-11.83371664859555,1125542.9642857143,-2.8341720811086657,-4.84252088651882,14.572845021196624,7.795347924357587,0.06238071290687392,1968.426521067374,1980.2480204499948,1959.0179956054687,1858.861160888672,1900.979544067383,44,Finance,Life/Health Insurance
GRAVITA.NS,1708.300048828125,1913.5999755859375,-10.728466209085852,266067.59126984124,-2.332624053930643,-4.270100934260301,6.575583181027866,13.485683479385745,0.06279665753817534,1725.4736204782416,1746.1843887661742,1760.652001953125,1709.582001953125,1673.625502319336,44,Non-Energy Minerals,Other Metals/Minerals
PNGJL.NS,612.9000244140625,736.4000244140625,-16.770776195759396,359025.40079365077,3.512928506295143,-2.7760151209171857,11.934990060816686,7.7910746975453415,0.06493016723709219,608.1061901785912,609.1205215266017,614.6459997558594,599.3575,593.2509997558594,44,Retail Trade,Specialty Stores
TMCV.NS,453.1000061035156,503.3184101990195,-9.97746219448774,11246029.13875598,1.2627095189060356,0.6777065644427704,16.090192230254075,2.8655753778550785,0.062351000849974116,460.1517339873906,460.13206616960576,443.7879986572266,419.34519836425784,421.7629624938965,43,Consumer Durables,Motor Vehicles
CARERATING.NS,1729.800048828125,1822.6696635954045,-5.095252125066074,52279.27710843374,0.04627234402110325,-1.1090728839063257,7.080989086604861,9.831843333630964,0.058398467170546885,1703.6663470710807,1697.2922015205359,1686.9899926757812,1664.6242639160157,1615.3956671142578,43,Commercial Services,Financial Publishing/Services
CASTROLIND.NS,189.25,198.22517212749622,-4.527766091040897,1844080.1035856574,1.7363700964161621,1.105891337331255,7.390650656690045,8.199472048668044,0.05891799293582098,187.62429666608656,186.63872508581602,182.84540161132813,180.4325326538086,178.0049227142334,43,Energy Minerals,Oil Refining/Marketing
LGEINDIA.NS,1662.300048828125,1755.0,-5.282048499821935,1210306.5657894737,0.550453540105611,6.115547323850934,9.998683333669911,4.245583486686755,0.05975993213556423,1661.2329279109629,1649.0633106436353,1595.8280078125,1573.215009765625,1544.46650390625,43,Consumer Durables,Electronics/Appliances
IIFLCAPS.NS,339.5,407.5051309315702,-16.688165563979084,672158.0,0.7567851908555356,1.6010792162914012,-1.1644832605531286,14.386797157423214,0.05801268247147181,337.8627922912767,336.94331132396763,337.00199951171874,337.4296994018555,326.49516410827636,43,Finance,Investment Banks/Brokers
GULFOILLUB.NS,1057.4000244140625,1242.267802432691,-14.88147544809647,65278.545816733065,-4.069181388345555,-7.703040671425665,19.398378197326217,5.495040690428055,0.06070003462249397,1084.6368263342895,1093.951443436764,1068.884832763672,1006.1015417480469,1024.1471786499023,43,Energy Minerals,Oil Refining/Marketing
JAMNAAUTO.NS,129.14999389648438,152.60000610351562,-15.366979861798969,2664898.816733068,6.868014503236131,0.5527806303196048,12.657008534619841,2.207971884026927,0.05477648890384257,123.92258061416942,124.46468214980972,129.92280044555665,126.79679992675781,126.40439975738525,42,Producer Manufacturing,Auto Parts: OEM
BELRISE.NS,229.38999938964844,268.20001220703125,-14.470548490290247,6286398.793650794,-2.0997815800475883,-9.678309136083495,0.508260826282525,19.25655945453897,0.05709462044478887,231.90609630137487,233.76570657984325,235.24919952392577,229.01710021972656,204.52440032958984,42,Producer Manufacturing,Auto Parts: OEM
MUKANDLTD.NS,136.39999389648438,151.02053644043738,-9.681161839680897,169993.82,-0.7133578042627708,-4.761909835281363,2.9155753823999486,14.824695393639043,0.05780833024693052,135.5490076073327,136.03066137235066,135.95081283569337,135.6225222015381,131.159162940979,42,Non-Energy Minerals,Steel
INDIGRID.NS,174.44000244140625,177.25,-1.5853300753702393,888472.40562249,-0.660594317648,0.18264419225295647,3.769113201200125,10.77185857409997,0.05409946796685816,175.04674116705925,174.98429478493432,174.6462954711914,170.7727555847168,163.8016756439209,42,Finance,Financial Conglomerates
CANHLIFE.NS,153.22000122070312,166.24617118007782,-7.835470655901455,1974935.125,-0.6226433393967334,2.8375760610915846,10.2627284305012,4.007209866272343,0.051869533539379405,154.10322654597806,152.97721292731285,149.3131008911133,144.16727722167968,142.6504460144043,41,Finance,Life/Health Insurance
TIMETECHNO.NS,187.5399932861328,249.14999389648438,-24.72807630729824,2601465.988095238,-0.2552978275825013,-9.523352764094906,10.65612344457898,9.111000673986048,0.049110369673908805,187.71722277029033,189.90359084906274,194.6029995727539,186.5672994995117,184.75039962768554,41,Process Industries,Containers/Packaging
DLINKINDIA.NS,439.45001220703125,521.5413716552077,-15.740143334678214,141084.252,-0.4868645531631577,-1.23609390922792,-7.716594372146368,18.883792168854498,0.04942633318735989,443.6152754891093,442.91791400227186,455.11423645019534,454.920471496582,423.0724314880371,41,Electronic Technology,Telecommunications Equipment
MAHLIFE.NS,363.0,423.03422522089073,-14.191340000810426,198041.94422310757,1.6949117764589738,-6.16518178291916,14.891325996510796,3.823732991408524,0.04933345816578713,364.9069068316128,369.5329078202091,375.8489050292969,355.3471435546875,360.37769927978513,41,Finance,Real Estate Development
MGL.NS,1104.800048828125,1341.9214475373328,-17.670289057855683,284113.588,2.5146236321883286,-0.08027341759742068,5.815086350068266,7.713508589567608,0.05065337020546872,1093.4826324139024,1096.6355909679255,1097.789501953125,1100.9798742675782,1085.7391146850587,41,Utilities,Gas Distributors
MMTC.NS,63.290000915527344,78.3499984741211,-19.221439504645367,6483637.35059761,1.5564846364780838,-1.0320560430620018,0.3488207099534568,13.139081997240254,0.053095162669175466,63.31674336789431,63.47152196514742,63.770600204467776,65.39239982604981,63.20369997024536,41,Distribution Services,Wholesale Distributors
ASTERDM.NS,785.0,891.2999877929688,-11.926398434738916,1176507.8087649401,3.5893392247536404,-9.473565369449389,-3.533026113671278,18.4730915186909,0.04793549621960462,777.7535348440433,783.422051045197,801.1980041503906,775.8260003662109,699.9233615112305,40,Health Services,Hospital/Nursing Management
NHPC.NS,77.66999816894531,87.39772087555167,-11.130407760241212,16488122.26984127,2.6701871808626265,1.2118847160078605,5.546203955291462,6.020346018109057,0.04581395255118897,76.43406905084778,76.60648589782163,77.84382431030274,78.09900299072265,77.33598762512207,40,Utilities,Electric Utilities
CAPITALSFB.NS,278.0,318.27334486330085,-12.653697054209278,40448.4859437751,-2.2503495196324885,-3.9889443204629393,1.7233158291214412,13.390808135231435,0.0485049418677317,281.70905151955725,284.41041117828235,290.7140002441406,282.1180451965332,268.3973163604736,40,Finance,Regional Banks
JAGRAN.NS,62.150001525878906,68.81048404363386,-9.679458893983995,256527.812,1.6020980648502325,-1.474318766931193,1.0076430341010356,11.540002723418375,0.047836400526964445,61.68314001476287,61.8760191194052,62.7223998260498,62.168719139099125,60.186703777313234,40,Consumer Services,Publishing: Newspapers
TVSSCS.NS,126.58000183105469,146.5,-13.597268374706694,1148526.6144578313,-0.4012861134089829,-5.389036412953785,1.965524773161631,13.26055781276676,0.04775944663123538,128.0656050012519,128.61327537053634,132.51519912719726,127.17009963989258,117.2270000076294,40,Transportation,Air Freight/Couriers
JSWSTEEL.NS,1299.300048828125,1351.0,-3.8267913524703934,1667175.246031746,-0.5130131065754218,1.2388985594200541,0.7061535508117833,10.855359222128014,0.047504681553212094,1307.4925532599032,1303.7901615155668,1276.891708984375,1272.0564697265625,1222.9137322998047,40,Non-Energy Minerals,Steel
UNIONBANK.NS,182.1300048828125,199.59697275189,-8.751118630837107,14735829.896825397,-2.531304566032966,-0.2027370505137016,10.265992005948554,3.641020097258374,0.04242527773981878,185.20575712379517,184.35162597376438,177.09059997558595,170.27690292358398,168.96582748413087,39,Finance,Major Banks
SHILCTECH.NS,4161.0,5383.97700521774,-22.715123114985893,33221.375,3.6518558495046705,-11.167568727192446,9.147784374628355,8.424559442780243,0.04245830929012581,4075.1215235933746,4092.0362259779404,4260.639702148437,4314.813334960938,4087.325515136719,39,Producer Manufacturing,Electrical Products
KIMS.NS,769.7000122070312,858.0,-10.29137386864437,463819.064,1.879551582664618,-5.104175147952505,0.8582831138605806,11.059811812154564,0.0384852978769596,767.74713222594,776.0756199013618,796.6740014648437,771.9460009765625,713.5780001831055,38,Health Services,Hospital/Nursing Management
TATACOMM.NS,1745.0,2110.0,-17.298578199052127,511844.956,1.253334993614219,-0.5811275897691814,-11.004356758784628,18.704851074614282,0.0418974138361791,1718.6605782778772,1721.0650526174961,1776.0219946289062,1782.0089074707032,1705.4514715576172,38,Communications,Major Telecommunications
PRAJIND.NS,333.8500061035156,422.8048706122484,-21.039224165019775,1902183.888446215,-1.8953811110264174,1.8922668464904868,2.7932317841615983,7.540043921994233,0.04042902362241628,339.47055453866284,338.69887678834493,335.96970458984373,351.519143371582,332.2376641845703,38,Industrial Services,Engineering & Construction
EICHERMOT.NS,7690.0,8165.0,-5.817513778322104,523427.076,-3.313006852329159,-4.114713216957611,7.632507462254079,6.943688251847657,0.039129842107908486,7829.200561367955,7875.460698016165,7713.9371484375,7443.451401367188,7322.620134277344,38,Consumer Durables,Motor Vehicles
PETRONET.NS,286.79998779296875,322.6775170144611,-11.118695084009978,2945167.6812749,-1.8816285424875123,2.428567068917409,10.286483851441751,0.0029582071306766267,0.03384678997819527,289.07367921757236,288.02430080088925,281.9870001220703,278.1568811035156,278.1006440734863,37,Utilities,Gas Distributors
ICICIBANK.NS,1389.0999755859375,1467.6271961496604,-5.350624516208214,13697412.801587302,-2.621803323803895,-2.8329603169866213,4.475739966795844,8.20414042349018,0.03795605763657112,1417.1557248692438,1420.7431213375626,1420.144169921875,1351.0989111328124,1346.4613293457032,37,Finance,Regional Banks
BANCOINDIA.NS,637.7000122070312,859.7877679261235,-25.830532138737627,602156.828685259,3.9276462809634483,0.6074050279065935,-7.519393300533994,13.192837875639164,0.03535562793773131,626.3400177585237,627.8733500972569,642.0339990234374,640.4384985351562,632.360160369873,37,Producer Manufacturing,Industrial Machinery
V2RETAIL.NS,216.67999267578125,259.25,-16.42044641242768,1254706.976,-2.694449522789377,-1.2577514285992408,-3.6720946367805873,13.546083213693016,0.03795809656444245,219.02207963098255,219.6680753963714,221.64179962158204,223.0111996459961,216.003699798584,37,Retail Trade,Apparel/Footwear Retail
LINCOLN.NS,634.4000244140625,770.0,-17.61038643973214,69160.47177419355,4.557070360784921,5.706906374525089,0.17369913821210226,2.8617793942541603,0.02793909810148805,619.1679706257783,614.3906754283599,605.7210009765626,628.4140008544922,581.646999053955,36,Health Technology,Pharmaceuticals: Major
TRAVELFOOD.NS,1277.5999755859375,1470.9000244140625,-13.141617079320312,83664.74900398406,0.5588331826790638,-8.540342668987066,5.031235608644025,7.77796096448109,0.029683698528561366,1291.4965494693472,1304.4014981930677,1318.3940014648438,1279.6520007324218,1242.7044982910156,36,Consumer Services,Restaurants
NIVABUPA.NS,80.19999694824219,91.4000015258789,-12.253834125446438,1815301.02,-2.5516476617806982,-7.165184031877603,-3.338561204901791,14.571424211774552,0.03138799750685694,81.21599759650294,82.24939499010263,84.69660018920898,83.59050025939942,79.37705005645752,36,Finance,Life/Health Insurance
SHREMINVIT.NS,100.5,104.9000015258789,-4.194472318280584,65826.6129032258,-0.4950495049504955,-1.373897453302153,1.430176440300035,6.277544128695456,0.02615786142412713,100.76827285243758,100.79487796682376,100.07495895385742,99.0168157196045,95.27580932617188,35,Miscellaneous,Investment Trusts/Mutual Funds
AVANTEL.NS,158.25999450683594,214.72640412746412,-26.296910177431677,2461127.73015873,0.9246839938890972,-1.254139709267088,-4.966074781169738,10.983088651198969,0.027450534836641588,157.37270578272418,158.7073009951886,165.19399993896485,165.00525802612304,156.02989208221436,35,Electronic Technology,Telecommunications Equipment
NH.NS,1882.300048828125,2092.89990234375,-10.062586045313637,410771.18,-1.3055737720866767,-0.14852935091371755,-1.0660811996129116,7.295648047942138,0.024381716119015705,1886.8294255798828,1888.1688969369493,1936.71232421875,1901.4450512695312,1856.8581524658202,35,Health Services,Hospital/Nursing Management
JSWENERGY.NS,538.5,615.2574202859911,-12.47565941590949,2945240.139442231,3.9575289575289663,-6.833910034602075,-2.489814395654144,10.565061700461609,0.02508051250320882,536.933221555738,541.4924665404303,550.2050048828125,556.6363067626953,520.9001167297363,35,Utilities,Electric Utilities
CCL.NS,1113.300048828125,1238.748718225596,-10.127047362532549,342280.05179282866,1.1998976034116149,-0.5609922624238317,-1.47367825174044,6.761193991412884,0.022701654288994167,1108.1973944107071,1113.2089212302255,1149.6791430664061,1133.5360217285156,1067.1710195922851,34,Consumer Non-Durables,Food: Specialty/Candy
TCIEXP.NS,545.4000244140625,770.6064470343156,-29.22457027020233,71181.06048387097,-0.3926515253104501,-1.6588444963696936,5.728419158023623,1.9629836456825478,0.021326851538751225,547.5231667284102,549.1599093718415,549.2250006103516,537.0445004272461,538.9604356384277,34,Transportation,Air Freight/Couriers
SUNPHARMA.NS,1889.0,2046.9000244140625,-7.714105355940005,2563709.007936508,-2.2104856991879585,-2.7291452111225523,4.771296405564551,3.726966619151284,0.021552979571865725,1906.6885127900089,1914.656455095832,1930.8126025390625,1874.31822265625,1799.1333911132813,34,Health Technology,Pharmaceuticals: Major
DELHIVERY.NS,450.45001220703125,524.0,-14.036257212398617,3043872.0,-2.2460885113103735,-5.832548038150708,4.2105291398568445,5.776683280717365,0.021827135954828204,456.68198563275405,459.22773909698043,475.6950018310547,467.1445004272461,443.7452507019043,34,Transportation,Air Freight/Couriers
ZFCVINDIA.NS,2497.0,3038.7327548607846,-17.82758796390449,135011.12,-1.4834725876882504,-5.316242748661337,1.9978905747625397,7.169167438307089,0.022554383392505054,2553.331352706084,2558.8392873730786,2486.65083984375,2480.1631713867187,2443.061357421875,34,Producer Manufacturing,Auto Parts: OEM
APEX.NS,378.70001220703125,514.5,-26.394555450528422,951230.552,-0.34210205078124556,0.5175878452637672,-6.308757850046498,9.609265472367955,0.02020386197907862,379.6647352071188,383.34882661554656,389.1590008544922,415.98599884033206,376.5186996459961,33,Consumer Non-Durables,Food: Meat/Fish/Dairy
SHRINGARMS.NS,217.00999450683594,266.5,-18.570358534020283,1399500.73877551,0.3607264462418547,-7.002361760998266,3.0290032170739556,6.231640788921533,0.02036957573115332,218.7820943862838,220.89745441536155,224.68819915771485,217.38919967651367,217.00724960327148,33,Consumer Durables,Other Consumer Specialties
BALMLAWRIE.NS,176.0,224.13526798489292,-21.475990109748068,180425.092,0.7095476837609693,0.46235375723833183,2.129633917455198,3.128094970930695,0.020535536834326008,176.22602654135025,175.89983847153056,176.64159912109375,180.0527001953125,175.92424057006835,33,Producer Manufacturing,Industrial Conglomerates
HINDALCO.NS,1015.7000122070312,1169.8969824893504,-13.180388751342287,5635342.19123506,0.1281533676736224,-3.6383506327551163,-0.3223053460555181,6.732036493760063,0.01881268203903709,1018.8875226599582,1021.4611927369665,997.9807775878907,1023.076376953125,964.798154296875,33,Non-Energy Minerals,Other Metals/Minerals
VTL.NS,586.7999877929688,682.2146139481268,-13.986013228736416,591781.876494024,-2.573468423400982,-2.716375958138051,-3.69008987132875,9.325009705390519,0.018223548867898738,590.0974627139107,592.8563647876732,608.1291455078125,609.0635809326172,543.5062069702149,33,Process Industries,Textiles
GESHIP.NS,1387.5,1766.7330608502607,-21.46521561484509,744344.3095238095,6.27297992842768,7.341793765007942,0.9594092794473319,-1.0472809505394864,0.019645671494627613,1355.7480098466635,1345.3797239625553,1355.7827294921874,1421.7124279785157,1321.34705078125,33,Transportation,Marine Shipping
PNBGILTS.NS,80.55999755859375,106.0,-24.000002303213442,939882.390438247,5.389841687074259,-0.3833376746130823,-5.744709947330662,6.349831760519797,0.012788363537935301,79.79486732968826,80.05191205849175,83.28579986572265,82.1064998626709,79.78344974517822,32,Finance,Investment Banks/Brokers
LT.NS,3990.199951171875,4397.052414797838,-9.252845434744916,2199921.111111111,0.23109648761303614,-1.1690680218344185,-1.4595139145925695,4.9591979157481925,0.013351210363159262,3995.613335629228,4007.6672768883436,3970.8460009765627,3994.1192529296877,3960.35541015625,32,Industrial Services,Engineering & Construction
NMDC.NS,84.97000122070312,97.48999786376953,-12.842339642433453,22972279.944223106,-0.8402394680703251,-0.5966332664972929,-3.9561432708344446,6.652445303837995,0.012707845401783737,85.18883672665369,85.27917174446897,84.84739974975587,87.13539993286133,83.0569061279297,32,Non-Energy Minerals,Other Metals/Minerals
MRPL.NS,177.64999389648438,212.0,-16.202833067696055,11698474.714285715,1.3868237979980824,-1.9266895798408123,10.33476178954964,-4.959343228797996,0.008700357091773392,174.1151009510299,173.1310038060872,168.41040008544923,162.86210052490233,165.5544404602051,31,Energy Minerals,Oil Refining/Marketing
MARICO.NS,815.2000122070312,889.0999755859375,-8.311772062551736,1815864.5378486055,-2.7323665488590776,-5.593513351820356,1.0024596037031985,3.6748817746191875,0.003787512657086555,827.4742079619357,835.8106461143248,848.5056225585937,829.9530432128906,789.4194439697266,30,Consumer Non-Durables,Household/Personal Care
TARIL.NS,300.20001220703125,552.0,-45.6159398175668,4628778.043650794,-0.5960224480028975,1.0434217569270432,-4.7286555404221335,3.7318654244374194,0.0022323161423344687,301.10075597734044,301.5493888675679,309.2329998779297,315.64550018310547,297.42634941101073,30,Producer Manufacturing,Electrical Products
AMBER.NS,7317.5,8974.0,-18.458881212391354,333731.8924302789,-2.5372935535428853,3.136011275546169,0.37722908093278384,-2.530802530802534,-0.005256793882862333,7416.490780150401,7415.894513478229,7458.6,7636.005,7238.65,28,Producer Manufacturing,Industrial Machinery
INDIANB.NS,861.5,980.0229061203939,-12.093891416231205,2258243.88,-4.14464534075104,-3.147835862844295,3.3655273120328566,-2.1190072248417735,-0.008819764029708157,878.8564285175687,876.1135193223903,852.0440051269532,844.1964099121094,849.7427279663086,27,Finance,Major Banks
ENRIN.NS,3209.300048828125,3968.0,-19.12046247912992,622043.4007936508,2.885262674035216,-9.947247183987473,-11.023312658531669,9.056000937138942,-0.01385516592097897,3210.390295185424,3274.0681781432736,3356.542001953125,3414.7620068359374,3077.6144091796873,25,Producer Manufacturing,Electrical Products
BIOCON.NS,399.20001220703125,447.1499938964844,-10.723466922500634,3733003.5396825396,-0.4488747613388355,-6.2910769467062755,-4.611594272226737,1.094575425127453,-0.022487509770921787,401.4324471410482,407.6343339790431,419.6860003662109,412.94461029052735,395.5813983154297,23,Health Technology,Pharmaceuticals: Major
NATIONALUM.NS,374.04998779296875,443.3731066930094,-15.635391017985178,12141411.146825397,1.0945912953969517,-3.350341498556353,-0.4907319492925222,-5.249864100101487,-0.028077743949999266,376.22466069199555,378.27659764297283,367.38873474121095,380.9459289550781,363.2875807952881,22,Non-Energy Minerals,Aluminum
JINDALPOLY.NS,687.0999755859375,1026.449951171875,-33.06054768656856,181936.8,8.830284652859932,10.82257670740927,-1.8989218110395556,-15.47025943002015,-0.037102365085520804,667.1436687942813,657.5130416436004,647.9079943847656,670.9509979248047,624.6742485046386,20,Process Industries,Containers/Packaging
