Sector,Composite_RS,Date,Rank
Nifty Metal,17.7828,2026-03-20,1
Nifty PSU Bank,16.9047,2026-03-20,2
Nifty Energy,11.269,2026-03-20,3
Nifty Commodities,11.1761,2026-03-20,4
Nifty PSE,10.6643,2026-03-20,5
Nifty Pharma,10.188,2026-03-20,6
Nifty MNC,4.1615,2026-03-20,7
Nifty Infra,3.3381,2026-03-20,8
Nifty Bank,1.8377,2026-03-20,9
Nifty Financial Services,0.6463,2026-03-20,10
Nifty Private Bank,0.1902,2026-03-20,11
Nifty Auto,-0.1836,2026-03-20,12
Nifty Services,-1.2808,2026-03-20,13
Nifty Consumption,-2.7493,2026-03-20,14
Nifty Media,-3.8836,2026-03-20,15
Nifty FMCG,-4.6859,2026-03-20,16
Nifty IT,-8.9756,2026-03-20,17
Nifty Realty,-10.9827,2026-03-20,18
Nifty Metal,15.2516,2026-03-27,1
Nifty PSU Bank,10.8979,2026-03-27,2
Nifty Pharma,9.9927,2026-03-27,3
Nifty Commodities,9.5204,2026-03-27,4
Nifty Energy,9.2033,2026-03-27,5
Nifty PSE,8.3568,2026-03-27,6
Nifty MNC,3.0061,2026-03-27,7
Nifty Infra,2.889,2026-03-27,8
Nifty Bank,0.9157,2026-03-27,9
Nifty Private Bank,0.1976,2026-03-27,10
Nifty Financial Services,0.162,2026-03-27,11
Nifty Auto,-1.0347,2026-03-27,12
Nifty Services,-1.3666,2026-03-27,13
Nifty Media,-1.9704,2026-03-27,14
Nifty Consumption,-2.558,2026-03-27,15
Nifty FMCG,-4.4349,2026-03-27,16
Nifty IT,-4.9128,2026-03-27,17
Nifty Realty,-12.6569,2026-03-27,18
Nifty Metal,16.3622,2026-04-02,1
Nifty PSU Bank,9.1463,2026-04-02,2
Nifty Energy,9.1327,2026-04-02,3
Nifty Commodities,8.8199,2026-04-02,4
Nifty PSE,7.4233,2026-04-02,5
Nifty Pharma,7.0348,2026-04-02,6
Nifty MNC,2.833,2026-04-02,7
Nifty Infra,2.2508,2026-04-02,8
Nifty Bank,-0.2838,2026-04-02,9
Nifty Private Bank,-0.9735,2026-04-02,10
Nifty Financial Services,-1.0117,2026-04-02,11
Nifty Services,-1.5742,2026-04-02,12
Nifty IT,-1.7523,2026-04-02,13
Nifty Media,-1.8436,2026-04-02,14
Nifty Auto,-2.2358,2026-04-02,15
Nifty Consumption,-2.5766,2026-04-02,16
Nifty FMCG,-4.3527,2026-04-02,17
Nifty Realty,-11.3484,2026-04-02,18
Nifty Metal,17.2998,2026-04-10,1
Nifty PSU Bank,11.125,2026-04-10,2
Nifty Energy,8.6877,2026-04-10,3
Nifty Commodities,8.186,2026-04-10,4
Nifty PSE,6.0496,2026-04-10,5
Nifty MNC,4.8072,2026-04-10,6
Nifty Pharma,3.3304,2026-04-10,7
Nifty Infra,2.5433,2026-04-10,8
Nifty Financial Services,2.1196,2026-04-10,9
Nifty Bank,2.0418,2026-04-10,10
Nifty Auto,1.9946,2026-04-10,11
Nifty Private Bank,1.5247,2026-04-10,12
Nifty Services,-0.3065,2026-04-10,13
Nifty Consumption,-1.2125,2026-04-10,14
Nifty Media,-3.6059,2026-04-10,15
Nifty FMCG,-4.6956,2026-04-10,16
Nifty IT,-4.7005,2026-04-10,17
Nifty Realty,-6.2428,2026-04-10,18
Nifty Metal,21.8014,2026-04-17,1
Nifty Energy,12.6536,2026-04-17,2
Nifty Commodities,11.1689,2026-04-17,3
Nifty PSU Bank,11.033,2026-04-17,4
Nifty PSE,9.177,2026-04-17,5
Nifty MNC,6.8135,2026-04-17,6
Nifty Infra,4.3763,2026-04-17,7
Nifty Pharma,2.5125,2026-04-17,8
Nifty Auto,1.9525,2026-04-17,9
Nifty Financial Services,1.9011,2026-04-17,10
Nifty Bank,1.8145,2026-04-17,11
Nifty Private Bank,1.1698,2026-04-17,12
Nifty Media,0.2525,2026-04-17,13
Nifty Consumption,-0.5004,2026-04-17,14
Nifty Services,-0.7724,2026-04-17,15
Nifty FMCG,-2.6692,2026-04-17,16
Nifty Realty,-2.987,2026-04-17,17
Nifty IT,-5.8253,2026-04-17,18
Nifty Metal,20.4027,2026-04-24,1
Nifty Energy,18.0066,2026-04-24,2
Nifty Commodities,12.346,2026-04-24,3
Nifty PSE,11.283,2026-04-24,4
Nifty MNC,10.2058,2026-04-24,5
Nifty PSU Bank,9.7111,2026-04-24,6
Nifty Pharma,5.7927,2026-04-24,7
Nifty Infra,5.6986,2026-04-24,8
Nifty Media,5.4129,2026-04-24,9
Nifty Financial Services,2.346,2026-04-24,10
Nifty Bank,2.1951,2026-04-24,11
Nifty FMCG,2.0392,2026-04-24,12
Nifty Private Bank,1.6819,2026-04-24,13
Nifty Auto,0.9582,2026-04-24,14
Nifty Consumption,0.6547,2026-04-24,15
Nifty Services,-1.3412,2026-04-24,16
Nifty Realty,-1.4037,2026-04-24,17
Nifty IT,-13.686,2026-04-24,18
Nifty Metal,21.1449,2026-04-30,1
Nifty Energy,20.918,2026-04-30,2
Nifty Commodities,13.5055,2026-04-30,3
Nifty PSE,12.046,2026-04-30,4
Nifty MNC,10.5677,2026-04-30,5
Nifty Pharma,7.7079,2026-04-30,6
Nifty Infra,6.8458,2026-04-30,7
Nifty Media,6.7157,2026-04-30,8
Nifty PSU Bank,5.8263,2026-04-30,9
Nifty Realty,3.2906,2026-04-30,10
Nifty Auto,1.6255,2026-04-30,11
Nifty FMCG,1.293,2026-04-30,12
Nifty Consumption,0.9337,2026-04-30,13
Nifty Financial Services,0.1721,2026-04-30,14
Nifty Bank,-0.0327,2026-04-30,15
Nifty Private Bank,-0.7688,2026-04-30,16
Nifty Services,-2.543,2026-04-30,17
Nifty IT,-12.6427,2026-04-30,18
Nifty Metal,18.4498,2026-05-08,1
Nifty Energy,17.5777,2026-05-08,2
Nifty Pharma,12.4819,2026-05-08,3
Nifty Commodities,12.0394,2026-05-08,4
Nifty MNC,11.249,2026-05-08,5
Nifty PSE,9.9432,2026-05-08,6
Nifty Auto,6.8556,2026-05-08,7
Nifty Media,6.3976,2026-05-08,8
Nifty Infra,5.7839,2026-05-08,9
Nifty Realty,3.9494,2026-05-08,10
Nifty PSU Bank,3.5909,2026-05-08,11
Nifty Consumption,2.7012,2026-05-08,12
Nifty FMCG,1.5176,2026-05-08,13
Nifty Financial Services,0.7942,2026-05-08,14
Nifty Bank,0.1448,2026-05-08,15
Nifty Private Bank,-0.7357,2026-05-08,16
Nifty Services,-3.3342,2026-05-08,17
Nifty IT,-14.0681,2026-05-08,18
Nifty Metal,23.1389,2026-05-15,1
Nifty Pharma,16.9337,2026-05-15,2
Nifty Energy,15.2534,2026-05-15,3
Nifty Commodities,12.1923,2026-05-15,4
Nifty MNC,10.2306,2026-05-15,5
Nifty PSE,9.9819,2026-05-15,6
Nifty Media,5.4407,2026-05-15,7
Nifty Infra,5.0706,2026-05-15,8
Nifty FMCG,3.9299,2026-05-15,9
Nifty Auto,3.125,2026-05-15,10
Nifty Consumption,2.2583,2026-05-15,11
Nifty Private Bank,-0.3154,2026-05-15,12
Nifty Financial Services,-0.5177,2026-05-15,13
Nifty PSU Bank,-1.3057,2026-05-15,14
Nifty Bank,-1.5286,2026-05-15,15
Nifty Services,-2.7229,2026-05-15,16
Nifty Realty,-5.9009,2026-05-15,17
Nifty IT,-12.7065,2026-05-15,18
Nifty Metal,21.4591,2026-05-22,1
Nifty Pharma,15.8107,2026-05-22,2
Nifty Energy,15.1275,2026-05-22,3
Nifty Commodities,11.7539,2026-05-22,4
Nifty MNC,9.9229,2026-05-22,5
Nifty PSE,7.6887,2026-05-22,6
Nifty Infra,4.6605,2026-05-22,7
Nifty FMCG,1.9251,2026-05-22,8
Nifty Auto,1.8177,2026-05-22,9
Nifty Consumption,1.2963,2026-05-22,10
Nifty Media,0.7306,2026-05-22,11
Nifty Private Bank,0.254,2026-05-22,12
Nifty Financial Services,-0.447,2026-05-22,13
Nifty Bank,-1.6186,2026-05-22,14
Nifty Services,-2.1477,2026-05-22,15
Nifty PSU Bank,-2.3959,2026-05-22,16
Nifty Realty,-3.8868,2026-05-22,17
Nifty IT,-6.7963,2026-05-22,18
Nifty Metal,24.0412,2026-05-29,1
Nifty Energy,16.5709,2026-05-29,2
Nifty Pharma,14.3563,2026-05-29,3
Nifty Commodities,13.1106,2026-05-29,4
Nifty MNC,12.0913,2026-05-29,5
Nifty PSE,6.6254,2026-05-29,6
Nifty Infra,4.9061,2026-05-29,7
Nifty Auto,4.3123,2026-05-29,8
Nifty Media,3.8637,2026-05-29,9
Nifty Consumption,1.7071,2026-05-29,10
Nifty Private Bank,1.0347,2026-05-29,11
Nifty FMCG,0.591,2026-05-29,12
Nifty Financial Services,-0.1449,2026-05-29,13
Nifty Bank,-0.659,2026-05-29,14
Nifty Realty,-0.8333,2026-05-29,15
Nifty PSU Bank,-1.6145,2026-05-29,16
Nifty Services,-1.7501,2026-05-29,17
Nifty IT,-4.4178,2026-05-29,18
Nifty Metal,22.2793,2026-06-05,1
Nifty Energy,15.5657,2026-06-05,2
Nifty Pharma,12.3994,2026-06-05,3
Nifty Media,12.0603,2026-06-05,4
Nifty Commodities,11.3831,2026-06-05,5
Nifty MNC,9.0785,2026-06-05,6
Nifty PSE,6.0905,2026-06-05,7
Nifty Infra,3.6507,2026-06-05,8
Nifty Auto,2.5565,2026-06-05,9
Nifty Consumption,1.7421,2026-06-05,10
Nifty Private Bank,1.305,2026-06-05,11
Nifty Bank,0.1955,2026-06-05,12
Nifty PSU Bank,-0.2886,2026-06-05,13
Nifty Realty,-0.5477,2026-06-05,14
Nifty FMCG,-0.7727,2026-06-05,15
Nifty Financial Services,-0.8882,2026-06-05,16
Nifty Services,-1.4211,2026-06-05,17
Nifty IT,-3.1975,2026-06-05,18
Nifty Metal,16.8292,2026-06-12,1
Nifty Energy,11.9458,2026-06-12,2
Nifty Media,10.4984,2026-06-12,3
Nifty Pharma,9.354,2026-06-12,4
Nifty Commodities,7.9823,2026-06-12,5
Nifty MNC,7.7737,2026-06-12,6
Nifty PSU Bank,5.6924,2026-06-12,7
Nifty Private Bank,5.6144,2026-06-12,8
Nifty Bank,4.4682,2026-06-12,9
Nifty Infra,3.4618,2026-06-12,10
Nifty PSE,3.0107,2026-06-12,11
Nifty Auto,2.9494,2026-06-12,12
Nifty Financial Services,2.3225,2026-06-12,13
Nifty Consumption,1.3379,2026-06-12,14
Nifty Realty,0.7729,2026-06-12,15
Nifty Services,-0.2709,2026-06-12,16
Nifty FMCG,-1.5239,2026-06-12,17
Nifty IT,-9.8004,2026-06-12,18
Nifty Metal,17.854,2026-06-19,1
Nifty Energy,13.4809,2026-06-19,2
Nifty Media,12.6336,2026-06-19,3
Nifty MNC,10.3323,2026-06-19,4
Nifty Commodities,8.2665,2026-06-19,5
Nifty Pharma,7.5852,2026-06-19,6
Nifty PSU Bank,7.1308,2026-06-19,7
Nifty Realty,6.2404,2026-06-19,8
Nifty Infra,5.4401,2026-06-19,9
Nifty Private Bank,5.4054,2026-06-19,10
Nifty PSE,4.9464,2026-06-19,11
Nifty Bank,4.6342,2026-06-19,12
Nifty Auto,3.97,2026-06-19,13
Nifty Consumption,3.8504,2026-06-19,14
Nifty Financial Services,2.5936,2026-06-19,15
Nifty Services,-0.5735,2026-06-19,16
Nifty FMCG,-1.6853,2026-06-19,17
Nifty IT,-13.0221,2026-06-19,18
Nifty Media,11.1613,2026-06-25,1
Nifty Metal,9.9577,2026-06-25,2
Nifty Energy,9.6694,2026-06-25,3
Nifty Pharma,9.4526,2026-06-25,4
Nifty MNC,8.8067,2026-06-25,5
Nifty Realty,6.8792,2026-06-25,6
Nifty Private Bank,6.6468,2026-06-25,7
Nifty Bank,5.1586,2026-06-25,8
Nifty PSU Bank,4.7609,2026-06-25,9
Nifty Commodities,4.4553,2026-06-25,10
Nifty Auto,4.009,2026-06-25,11
Nifty Financial Services,3.8759,2026-06-25,12
Nifty Infra,3.691,2026-06-25,13
Nifty Consumption,2.6341,2026-06-25,14
Nifty PSE,2.2586,2026-06-25,15
Nifty Services,-0.3572,2026-06-25,16
Nifty FMCG,-1.4195,2026-06-25,17
Nifty IT,-13.8655,2026-06-25,18
Nifty Realty,16.3071,2026-07-03,1
Nifty Pharma,11.1697,2026-07-03,2
Nifty Media,10.2489,2026-07-03,3
Nifty MNC,9.5068,2026-07-03,4
Nifty Metal,8.7352,2026-07-03,5
Nifty Energy,7.1167,2026-07-03,6
Nifty Private Bank,6.3284,2026-07-03,7
Nifty Bank,5.1239,2026-07-03,8
Nifty Financial Services,4.7828,2026-07-03,9
Nifty Consumption,3.7449,2026-07-03,10
Nifty Commodities,3.404,2026-07-03,11
Nifty Auto,3.1999,2026-07-03,12
Nifty Infra,2.7283,2026-07-03,13
Nifty PSU Bank,2.2384,2026-07-03,14
Nifty PSE,1.4901,2026-07-03,15
Nifty Services,0.1497,2026-07-03,16
Nifty FMCG,-0.3688,2026-07-03,17
Nifty IT,-16.5492,2026-07-03,18
Nifty Realty,19.7717,2026-07-10,1
Nifty Pharma,14.2145,2026-07-10,2
Nifty MNC,8.9043,2026-07-10,3
Nifty Energy,8.8772,2026-07-10,4
Nifty Metal,8.6578,2026-07-10,5
Nifty Media,6.9507,2026-07-10,6
Nifty Commodities,4.256,2026-07-10,7
Nifty Private Bank,3.7381,2026-07-10,8
Nifty Bank,3.2857,2026-07-10,9
Nifty Consumption,3.2538,2026-07-10,10
Nifty Infra,3.23,2026-07-10,11
Nifty Financial Services,3.117,2026-07-10,12
Nifty Auto,1.8566,2026-07-10,13
Nifty PSE,1.5245,2026-07-10,14
Nifty Services,0.4005,2026-07-10,15
Nifty PSU Bank,0.3666,2026-07-10,16
Nifty FMCG,-1.4926,2026-07-10,17
Nifty IT,-13.2348,2026-07-10,18
Nifty Pharma,13.106,2026-07-17,1
Nifty Realty,12.4634,2026-07-17,2
Nifty Media,7.6221,2026-07-17,3
Nifty Energy,7.5687,2026-07-17,4
Nifty MNC,6.4669,2026-07-17,5
Nifty Metal,4.6796,2026-07-17,6
Nifty Private Bank,4.2325,2026-07-17,7
Nifty Bank,3.0727,2026-07-17,8
Nifty Commodities,2.5877,2026-07-17,9
Nifty Infra,2.2023,2026-07-17,10
Nifty Consumption,2.076,2026-07-17,11
Nifty Financial Services,2.0311,2026-07-17,12
Nifty Auto,1.3783,2026-07-17,13
Nifty Services,0.3474,2026-07-17,14
Nifty PSE,0.1937,2026-07-17,15
Nifty FMCG,-1.4272,2026-07-17,16
Nifty PSU Bank,-1.6263,2026-07-17,17
Nifty IT,-9.7312,2026-07-17,18
Nifty Realty,14.3875,2026-07-24,1
Nifty Pharma,14.2784,2026-07-24,2
Nifty Media,9.5462,2026-07-24,3
Nifty Energy,9.4928,2026-07-24,4
Nifty MNC,8.391,2026-07-24,5
Nifty Metal,6.6037,2026-07-24,6
Nifty Private Bank,6.1566,2026-07-24,7
Nifty Commodities,4.5118,2026-07-24,8
Nifty Infra,4.1264,2026-07-24,9
Nifty Consumption,4.0001,2026-07-24,10
Nifty Financial Services,3.9552,2026-07-24,11
Nifty Auto,3.3024,2026-07-24,12
Nifty Services,2.2715,2026-07-24,13
Nifty PSE,2.1178,2026-07-24,14
Nifty Bank,1.2025,2026-07-24,15
Nifty FMCG,0.4969,2026-07-24,16
Nifty PSU Bank,0.2978,2026-07-24,17
Nifty IT,-7.1947,2026-07-24,18
Nifty Pharma,15.2714,2026-07-31,1
Nifty Realty,10.82,2026-07-31,2
Nifty Media,5.9787,2026-07-31,3
Nifty Energy,5.9252,2026-07-31,4
Nifty MNC,4.8234,2026-07-31,5
Nifty Metal,3.0362,2026-07-31,6
Nifty Private Bank,2.5891,2026-07-31,7
Nifty Commodities,0.9442,2026-07-31,8
Nifty Bank,0.6591,2026-07-31,9
Nifty Infra,0.5588,2026-07-31,10
Nifty Consumption,0.4325,2026-07-31,11
Nifty Financial Services,0.3877,2026-07-31,12
Nifty Auto,-0.2651,2026-07-31,13
Nifty Services,-1.296,2026-07-31,14
Nifty PSE,-1.4498,2026-07-31,15
Nifty IT,-2.5057,2026-07-31,16
Nifty FMCG,-3.0706,2026-07-31,17
Nifty PSU Bank,-3.2697,2026-07-31,18
Nifty Pharma,13.2794,2026-08-07,1
Nifty Realty,10.1562,2026-08-07,2
Nifty Media,5.3149,2026-08-07,3
Nifty Energy,5.2614,2026-08-07,4
Nifty MNC,4.1596,2026-08-07,5
Nifty Metal,2.3724,2026-08-07,6
Nifty Private Bank,1.9253,2026-08-07,7
Nifty Bank,0.7819,2026-08-07,8
Nifty Commodities,0.2805,2026-08-07,9
Nifty Infra,-0.105,2026-08-07,10
Nifty Consumption,-0.2313,2026-08-07,11
Nifty Financial Services,-0.2761,2026-08-07,12
Nifty Auto,-0.9289,2026-08-07,13
Nifty IT,-0.9624,2026-08-07,14
Nifty Services,-1.9598,2026-08-07,15
Nifty PSE,-2.1136,2026-08-07,16
Nifty FMCG,-3.7344,2026-08-07,17
Nifty PSU Bank,-3.9335,2026-08-07,18
Nifty Realty,11.4835,2026-08-14,1
Nifty Pharma,11.3964,2026-08-14,2
Nifty Media,6.6421,2026-08-14,3
Nifty Energy,6.5887,2026-08-14,4
Nifty MNC,5.4869,2026-08-14,5
Nifty Metal,3.6996,2026-08-14,6
Nifty Private Bank,3.2526,2026-08-14,7
Nifty IT,3.0556,2026-08-14,8
Nifty Commodities,1.6077,2026-08-14,9
Nifty Bank,1.2761,2026-08-14,10
Nifty Infra,1.2223,2026-08-14,11
Nifty Consumption,1.096,2026-08-14,12
Nifty Financial Services,1.0512,2026-08-14,13
Nifty Auto,0.3984,2026-08-14,14
Nifty Services,-0.6325,2026-08-14,15
Nifty PSE,-0.7863,2026-08-14,16
Nifty FMCG,-2.4071,2026-08-14,17
Nifty PSU Bank,-2.6062,2026-08-14,18
Nifty Realty,11.5778,2026-08-21,1
Nifty Pharma,11.3378,2026-08-21,2
Nifty Media,6.7365,2026-08-21,3
Nifty Energy,6.683,2026-08-21,4
Nifty MNC,5.5812,2026-08-21,5
Nifty Metal,3.794,2026-08-21,6
Nifty Private Bank,3.3469,2026-08-21,7
Nifty IT,2.0587,2026-08-21,8
Nifty Bank,1.8669,2026-08-21,9
Nifty Commodities,1.702,2026-08-21,10
Nifty Infra,1.3166,2026-08-21,11
Nifty Consumption,1.1903,2026-08-21,12
Nifty Financial Services,1.1455,2026-08-21,13
Nifty Auto,0.4927,2026-08-21,14
Nifty Services,-0.5382,2026-08-21,15
Nifty PSE,-0.692,2026-08-21,16
Nifty FMCG,-2.3128,2026-08-21,17
Nifty PSU Bank,-2.5119,2026-08-21,18
Nifty Pharma,13.7962,2026-08-28,1
Nifty Realty,11.8859,2026-08-28,2
Nifty Media,7.0446,2026-08-28,3
Nifty Energy,6.9912,2026-08-28,4
Nifty MNC,5.8894,2026-08-28,5
Nifty Metal,4.1021,2026-08-28,6
Nifty Private Bank,3.6551,2026-08-28,7
Nifty IT,2.7525,2026-08-28,8
Nifty Commodities,2.0102,2026-08-28,9
Nifty Infra,1.6248,2026-08-28,10
Nifty Bank,1.5565,2026-08-28,11
Nifty Consumption,1.4985,2026-08-28,12
Nifty Financial Services,1.4537,2026-08-28,13
Nifty Auto,0.8009,2026-08-28,14
Nifty Services,-0.2301,2026-08-28,15
Nifty PSE,-0.3838,2026-08-28,16
Nifty FMCG,-2.0046,2026-08-28,17
Nifty PSU Bank,-2.2038,2026-08-28,18
Nifty Realty,11.6697,2026-09-04,1
Nifty Pharma,10.5657,2026-09-04,2
Nifty Media,6.8284,2026-09-04,3
Nifty Energy,6.775,2026-09-04,4
Nifty MNC,5.6732,2026-09-04,5
Nifty Metal,3.8859,2026-09-04,6
Nifty IT,3.855,2026-09-04,7
Nifty Private Bank,3.4389,2026-09-04,8
Nifty Commodities,1.794,2026-09-04,9
Nifty Infra,1.4086,2026-09-04,10
Nifty Bank,1.3241,2026-09-04,11
Nifty Consumption,1.2823,2026-09-04,12
Nifty Financial Services,1.2375,2026-09-04,13
Nifty Auto,0.5847,2026-09-04,14
Nifty Services,-0.4463,2026-09-04,15
Nifty PSE,-0.6,2026-09-04,16
Nifty FMCG,-2.2208,2026-09-04,17
Nifty PSU Bank,-2.42,2026-09-04,18
Nifty Realty,13.6509,2026-09-11,1
Nifty Pharma,11.9517,2026-09-11,2
Nifty Media,8.8096,2026-09-11,3
Nifty Energy,8.7561,2026-09-11,4
Nifty MNC,7.6543,2026-09-11,5
Nifty Metal,5.8671,2026-09-11,6
Nifty Private Bank,5.42,2026-09-11,7
Nifty Commodities,3.7751,2026-09-11,8
Nifty Infra,3.3897,2026-09-11,9
Nifty Consumption,3.2634,2026-09-11,10
Nifty Financial Services,3.2186,2026-09-11,11
Nifty Auto,2.5658,2026-09-11,12
Nifty Bank,2.0645,2026-09-11,13
Nifty Services,1.5349,2026-09-11,14
Nifty PSE,1.3811,2026-09-11,15
Nifty IT,0.6976,2026-09-11,16
Nifty FMCG,-0.2397,2026-09-11,17
Nifty PSU Bank,-0.4388,2026-09-11,18
Nifty Realty,13.65087932958031,2026-09-13,1
Nifty Pharma,11.951683256969345,2026-09-13,2
Nifty Media,8.80956371842403,2026-09-13,3
Nifty Energy,8.756124620929166,2026-09-13,4
Nifty MNC,7.654322410203768,2026-09-13,5
Nifty Metal,5.8670584211604595,2026-09-13,6
Nifty Private Bank,5.419984262066839,2026-09-13,7
Nifty Commodities,3.7751435494561503,2026-09-13,8
Nifty Infra,3.3897371130868104,2026-09-13,9
Nifty Consumption,3.2634325241907627,2026-09-13,10
Nifty Financial Services,3.2185875494616707,2026-09-13,11
Nifty Oil & Gas,3.114888334940881,2026-09-13,12
Nifty Healthcare,3.114888334940881,2026-09-13,13
Nifty Consumer Durables,3.114888334940881,2026-09-13,14
Nifty Auto,2.565789375508415,2026-09-13,15
Nifty Bank,2.0644913937917675,2026-09-13,16
Nifty Services,1.534877393070303,2026-09-13,17
Nifty PSE,1.381116265809973,2026-09-13,18
Nifty IT,0.6976292545606563,2026-09-13,19
Nifty FMCG,-0.2397125969418896,2026-09-13,20
Nifty PSU Bank,-0.4388236769520941,2026-09-13,21
Nifty Pharma,12.819230037610472,2026-09-20,1
Nifty IT,2.104574863124224,2026-09-20,2
Nifty Bank,2.0783233132793706,2026-09-20,3
Nifty Private Bank,1.8382835201655696,2026-09-20,4
Nifty Services,1.8382835201655696,2026-09-20,5
Nifty PSE,1.8382835201655696,2026-09-20,6
Nifty Consumption,1.8382835201655696,2026-09-20,7
Nifty Commodities,1.8382835201655696,2026-09-20,8
Nifty Oil & Gas,1.8382835201655696,2026-09-20,9
Nifty Consumer Durables,1.8382835201655696,2026-09-20,10
Nifty Healthcare,1.8382835201655696,2026-09-20,11
Nifty PSU Bank,1.8382835201655696,2026-09-20,12
Nifty Financial Services,1.8382835201655696,2026-09-20,13
Nifty Media,1.8382835201655696,2026-09-20,14
Nifty Infra,1.8382835201655696,2026-09-20,15
Nifty Energy,1.8382835201655696,2026-09-20,16
Nifty Realty,1.8382835201655696,2026-09-20,17
Nifty Metal,1.8382835201655696,2026-09-20,18
Nifty FMCG,1.8382835201655696,2026-09-20,19
Nifty Auto,1.8382835201655696,2026-09-20,20
Nifty MNC,1.8382835201655696,2026-09-20,21
Nifty Pharma,12.958847269891017,2026-09-27,1
Nifty Bank,2.1308337639529267,2026-09-27,2
Nifty Financial Services,1.1643177618383413,2026-09-27,3
Nifty Services,1.1643177618383413,2026-09-27,4
Nifty PSE,1.1643177618383413,2026-09-27,5
Nifty Consumption,1.1643177618383413,2026-09-27,6
Nifty Commodities,1.1643177618383413,2026-09-27,7
Nifty Oil & Gas,1.1643177618383413,2026-09-27,8
Nifty Consumer Durables,1.1643177618383413,2026-09-27,9
Nifty Healthcare,1.1643177618383413,2026-09-27,10
Nifty Private Bank,1.1643177618383413,2026-09-27,11
Nifty PSU Bank,1.1643177618383413,2026-09-27,12
Nifty Media,1.1643177618383413,2026-09-27,13
Nifty Infra,1.1643177618383413,2026-09-27,14
Nifty Energy,1.1643177618383413,2026-09-27,15
Nifty Realty,1.1643177618383413,2026-09-27,16
Nifty Metal,1.1643177618383413,2026-09-27,17
Nifty FMCG,1.1643177618383413,2026-09-27,18
Nifty Auto,1.1643177618383413,2026-09-27,19
Nifty MNC,1.1643177618383413,2026-09-27,20
Nifty IT,-0.5155146947069792,2026-09-27,21
